[2024-04-29 15:08:34] local.ERROR: The "--delete" option does not exist. {"exception":"[object] (Symfony\\Component\\Console\\Exception\\RuntimeException(code: 0): The \"--delete\" option does not exist. at C:\\Users\\piotr\\Desktop\\Studia\\Semestr 4\\AI1\\Zadania\\Lab9\\Lab9 pliki\\vendor\\symfony\\console\\Input\\ArgvInput.php:217)
[stacktrace]
#0 C:\\Users\\piotr\\Desktop\\Studia\\Semestr 4\\AI1\\Zadania\\Lab9\\Lab9 pliki\\vendor\\symfony\\console\\Input\\ArgvInput.php(146): Symfony\\Component\\Console\\Input\\ArgvInput->addLongOption('delete', NULL)
#1 C:\\Users\\piotr\\Desktop\\Studia\\Semestr 4\\AI1\\Zadania\\Lab9\\Lab9 pliki\\vendor\\symfony\\console\\Input\\ArgvInput.php(79): Symfony\\Component\\Console\\Input\\ArgvInput->parseLongOption('--delete')
#2 C:\\Users\\piotr\\Desktop\\Studia\\Semestr 4\\AI1\\Zadania\\Lab9\\Lab9 pliki\\vendor\\symfony\\console\\Input\\ArgvInput.php(68): Symfony\\Component\\Console\\Input\\ArgvInput->parseToken('--delete', true)
#3 C:\\Users\\piotr\\Desktop\\Studia\\Semestr 4\\AI1\\Zadania\\Lab9\\Lab9 pliki\\vendor\\symfony\\console\\Input\\Input.php(53): Symfony\\Component\\Console\\Input\\ArgvInput->parse()
#4 C:\\Users\\piotr\\Desktop\\Studia\\Semestr 4\\AI1\\Zadania\\Lab9\\Lab9 pliki\\vendor\\symfony\\console\\Command\\Command.php(238): Symfony\\Component\\Console\\Input\\Input->bind(Object(Symfony\\Component\\Console\\Input\\InputDefinition))
#5 C:\\Users\\piotr\\Desktop\\Studia\\Semestr 4\\AI1\\Zadania\\Lab9\\Lab9 pliki\\vendor\\laravel\\framework\\src\\Illuminate\\Console\\Command.php(181): Symfony\\Component\\Console\\Command\\Command->run(Object(Symfony\\Component\\Console\\Input\\ArgvInput), Object(Illuminate\\Console\\OutputStyle))
#6 C:\\Users\\piotr\\Desktop\\Studia\\Semestr 4\\AI1\\Zadania\\Lab9\\Lab9 pliki\\vendor\\symfony\\console\\Application.php(1049): Illuminate\\Console\\Command->run(Object(Symfony\\Component\\Console\\Input\\ArgvInput), Object(Symfony\\Component\\Console\\Output\\ConsoleOutput))
#7 C:\\Users\\piotr\\Desktop\\Studia\\Semestr 4\\AI1\\Zadania\\Lab9\\Lab9 pliki\\vendor\\symfony\\console\\Application.php(318): Symfony\\Component\\Console\\Application->doRunCommand(Object(Illuminate\\Foundation\\Console\\StorageLinkCommand), Object(Symfony\\Component\\Console\\Input\\ArgvInput), Object(Symfony\\Component\\Console\\Output\\ConsoleOutput))
#8 C:\\Users\\piotr\\Desktop\\Studia\\Semestr 4\\AI1\\Zadania\\Lab9\\Lab9 pliki\\vendor\\symfony\\console\\Application.php(169): Symfony\\Component\\Console\\Application->doRun(Object(Symfony\\Component\\Console\\Input\\ArgvInput), Object(Symfony\\Component\\Console\\Output\\ConsoleOutput))
#9 C:\\Users\\piotr\\Desktop\\Studia\\Semestr 4\\AI1\\Zadania\\Lab9\\Lab9 pliki\\vendor\\laravel\\framework\\src\\Illuminate\\Foundation\\Console\\Kernel.php(196): Symfony\\Component\\Console\\Application->run(Object(Symfony\\Component\\Console\\Input\\ArgvInput), Object(Symfony\\Component\\Console\\Output\\ConsoleOutput))
#10 C:\\Users\\piotr\\Desktop\\Studia\\Semestr 4\\AI1\\Zadania\\Lab9\\Lab9 pliki\\vendor\\laravel\\framework\\src\\Illuminate\\Foundation\\Application.php(1183): Illuminate\\Foundation\\Console\\Kernel->handle(Object(Symfony\\Component\\Console\\Input\\ArgvInput), Object(Symfony\\Component\\Console\\Output\\ConsoleOutput))
#11 C:\\Users\\piotr\\Desktop\\Studia\\Semestr 4\\AI1\\Zadania\\Lab9\\Lab9 pliki\\artisan(13): Illuminate\\Foundation\\Application->handleCommand(Object(Symfony\\Component\\Console\\Input\\ArgvInput))
#12 {main}
"} 
[2024-04-29 15:10:57] local.NOTICE: 'jan@email.com' did GET on '/trips'  
[2024-04-29 15:10:57] local.ERROR: Please provide a valid cache path. {"userId":1,"exception":"[object] (InvalidArgumentException(code: 0): Please provide a valid cache path. at C:\\Users\\piotr\\Desktop\\Studia\\Semestr 4\\AI1\\Zadania\\Lab9\\Lab9 pliki\\vendor\\laravel\\framework\\src\\Illuminate\\View\\Compilers\\Compiler.php:67)
[stacktrace]
#0 C:\\Users\\piotr\\Desktop\\Studia\\Semestr 4\\AI1\\Zadania\\Lab9\\Lab9 pliki\\vendor\\laravel\\framework\\src\\Illuminate\\View\\ViewServiceProvider.php(96): Illuminate\\View\\Compilers\\Compiler->__construct(Object(Illuminate\\Filesystem\\Filesystem), false, '', true, 'php')
#1 C:\\Users\\piotr\\Desktop\\Studia\\Semestr 4\\AI1\\Zadania\\Lab9\\Lab9 pliki\\vendor\\laravel\\framework\\src\\Illuminate\\Container\\Container.php(900): Illuminate\\View\\ViewServiceProvider->Illuminate\\View\\{closure}(Object(Illuminate\\Foundation\\Application), Array)
#2 C:\\Users\\piotr\\Desktop\\Studia\\Semestr 4\\AI1\\Zadania\\Lab9\\Lab9 pliki\\vendor\\laravel\\framework\\src\\Illuminate\\Container\\Container.php(787): Illuminate\\Container\\Container->build(Object(Closure))
#3 C:\\Users\\piotr\\Desktop\\Studia\\Semestr 4\\AI1\\Zadania\\Lab9\\Lab9 pliki\\vendor\\laravel\\framework\\src\\Illuminate\\Foundation\\Application.php(1026): Illuminate\\Container\\Container->resolve('blade.compiler', Array, true)
#4 C:\\Users\\piotr\\Desktop\\Studia\\Semestr 4\\AI1\\Zadania\\Lab9\\Lab9 pliki\\vendor\\laravel\\framework\\src\\Illuminate\\Container\\Container.php(723): Illuminate\\Foundation\\Application->resolve('blade.compiler', Array)
#5 C:\\Users\\piotr\\Desktop\\Studia\\Semestr 4\\AI1\\Zadania\\Lab9\\Lab9 pliki\\vendor\\laravel\\framework\\src\\Illuminate\\Foundation\\Application.php(1011): Illuminate\\Container\\Container->make('blade.compiler', Array)
#6 C:\\Users\\piotr\\Desktop\\Studia\\Semestr 4\\AI1\\Zadania\\Lab9\\Lab9 pliki\\vendor\\laravel\\framework\\src\\Illuminate\\Container\\Container.php(1446): Illuminate\\Foundation\\Application->make('blade.compiler')
#7 C:\\Users\\piotr\\Desktop\\Studia\\Semestr 4\\AI1\\Zadania\\Lab9\\Lab9 pliki\\vendor\\laravel\\framework\\src\\Illuminate\\View\\ViewServiceProvider.php(164): Illuminate\\Container\\Container->offsetGet('blade.compiler')
#8 [internal function]: Illuminate\\View\\ViewServiceProvider->Illuminate\\View\\{closure}()
#9 C:\\Users\\piotr\\Desktop\\Studia\\Semestr 4\\AI1\\Zadania\\Lab9\\Lab9 pliki\\vendor\\laravel\\framework\\src\\Illuminate\\View\\Engines\\EngineResolver.php(55): call_user_func(Object(Closure))
#10 C:\\Users\\piotr\\Desktop\\Studia\\Semestr 4\\AI1\\Zadania\\Lab9\\Lab9 pliki\\vendor\\laravel\\framework\\src\\Illuminate\\View\\Factory.php(310): Illuminate\\View\\Engines\\EngineResolver->resolve('blade')
#11 C:\\Users\\piotr\\Desktop\\Studia\\Semestr 4\\AI1\\Zadania\\Lab9\\Lab9 pliki\\vendor\\laravel\\framework\\src\\Illuminate\\View\\Factory.php(274): Illuminate\\View\\Factory->getEngineFromPath('C:\\\\Users\\\\piotr\\\\...')
#12 C:\\Users\\piotr\\Desktop\\Studia\\Semestr 4\\AI1\\Zadania\\Lab9\\Lab9 pliki\\vendor\\laravel\\framework\\src\\Illuminate\\View\\Factory.php(146): Illuminate\\View\\Factory->viewInstance('trips.index', 'C:\\\\Users\\\\piotr\\\\...', Array)
#13 C:\\Users\\piotr\\Desktop\\Studia\\Semestr 4\\AI1\\Zadania\\Lab9\\Lab9 pliki\\vendor\\laravel\\framework\\src\\Illuminate\\Foundation\\helpers.php(1020): Illuminate\\View\\Factory->make('trips.index', Array, Array)
#14 C:\\Users\\piotr\\Desktop\\Studia\\Semestr 4\\AI1\\Zadania\\Lab9\\Lab9 pliki\\app\\Http\\Controllers\\TripController.php(21): view('trips.index', Array)
#15 C:\\Users\\piotr\\Desktop\\Studia\\Semestr 4\\AI1\\Zadania\\Lab9\\Lab9 pliki\\vendor\\laravel\\framework\\src\\Illuminate\\Routing\\ControllerDispatcher.php(46): App\\Http\\Controllers\\TripController->index()
#16 C:\\Users\\piotr\\Desktop\\Studia\\Semestr 4\\AI1\\Zadania\\Lab9\\Lab9 pliki\\vendor\\laravel\\framework\\src\\Illuminate\\Routing\\Route.php(260): Illuminate\\Routing\\ControllerDispatcher->dispatch(Object(Illuminate\\Routing\\Route), Object(App\\Http\\Controllers\\TripController), 'index')
#17 C:\\Users\\piotr\\Desktop\\Studia\\Semestr 4\\AI1\\Zadania\\Lab9\\Lab9 pliki\\vendor\\laravel\\framework\\src\\Illuminate\\Routing\\Route.php(206): Illuminate\\Routing\\Route->runController()
#18 C:\\Users\\piotr\\Desktop\\Studia\\Semestr 4\\AI1\\Zadania\\Lab9\\Lab9 pliki\\vendor\\laravel\\framework\\src\\Illuminate\\Routing\\Router.php(806): Illuminate\\Routing\\Route->run()
#19 C:\\Users\\piotr\\Desktop\\Studia\\Semestr 4\\AI1\\Zadania\\Lab9\\Lab9 pliki\\vendor\\laravel\\framework\\src\\Illuminate\\Pipeline\\Pipeline.php(144): Illuminate\\Routing\\Router->Illuminate\\Routing\\{closure}(Object(Illuminate\\Http\\Request))
#20 C:\\Users\\piotr\\Desktop\\Studia\\Semestr 4\\AI1\\Zadania\\Lab9\\Lab9 pliki\\app\\Http\\Middleware\\LogActivity.php(29): Illuminate\\Pipeline\\Pipeline->Illuminate\\Pipeline\\{closure}(Object(Illuminate\\Http\\Request))
#21 C:\\Users\\piotr\\Desktop\\Studia\\Semestr 4\\AI1\\Zadania\\Lab9\\Lab9 pliki\\vendor\\laravel\\framework\\src\\Illuminate\\Pipeline\\Pipeline.php(183): App\\Http\\Middleware\\LogActivity->handle(Object(Illuminate\\Http\\Request), Object(Closure))
#22 C:\\Users\\piotr\\Desktop\\Studia\\Semestr 4\\AI1\\Zadania\\Lab9\\Lab9 pliki\\vendor\\laravel\\framework\\src\\Illuminate\\Routing\\Middleware\\SubstituteBindings.php(50): Illuminate\\Pipeline\\Pipeline->Illuminate\\Pipeline\\{closure}(Object(Illuminate\\Http\\Request))
#23 C:\\Users\\piotr\\Desktop\\Studia\\Semestr 4\\AI1\\Zadania\\Lab9\\Lab9 pliki\\vendor\\laravel\\framework\\src\\Illuminate\\Pipeline\\Pipeline.php(183): Illuminate\\Routing\\Middleware\\SubstituteBindings->handle(Object(Illuminate\\Http\\Request), Object(Closure))
#24 C:\\Users\\piotr\\Desktop\\Studia\\Semestr 4\\AI1\\Zadania\\Lab9\\Lab9 pliki\\vendor\\laravel\\framework\\src\\Illuminate\\Foundation\\Http\\Middleware\\VerifyCsrfToken.php(88): Illuminate\\Pipeline\\Pipeline->Illuminate\\Pipeline\\{closure}(Object(Illuminate\\Http\\Request))
#25 C:\\Users\\piotr\\Desktop\\Studia\\Semestr 4\\AI1\\Zadania\\Lab9\\Lab9 pliki\\vendor\\laravel\\framework\\src\\Illuminate\\Pipeline\\Pipeline.php(183): Illuminate\\Foundation\\Http\\Middleware\\VerifyCsrfToken->handle(Object(Illuminate\\Http\\Request), Object(Closure))
#26 C:\\Users\\piotr\\Desktop\\Studia\\Semestr 4\\AI1\\Zadania\\Lab9\\Lab9 pliki\\vendor\\laravel\\framework\\src\\Illuminate\\View\\Middleware\\ShareErrorsFromSession.php(49): Illuminate\\Pipeline\\Pipeline->Illuminate\\Pipeline\\{closure}(Object(Illuminate\\Http\\Request))
#27 C:\\Users\\piotr\\Desktop\\Studia\\Semestr 4\\AI1\\Zadania\\Lab9\\Lab9 pliki\\vendor\\laravel\\framework\\src\\Illuminate\\Pipeline\\Pipeline.php(183): Illuminate\\View\\Middleware\\ShareErrorsFromSession->handle(Object(Illuminate\\Http\\Request), Object(Closure))
#28 C:\\Users\\piotr\\Desktop\\Studia\\Semestr 4\\AI1\\Zadania\\Lab9\\Lab9 pliki\\vendor\\laravel\\framework\\src\\Illuminate\\Session\\Middleware\\StartSession.php(121): Illuminate\\Pipeline\\Pipeline->Illuminate\\Pipeline\\{closure}(Object(Illuminate\\Http\\Request))
#29 C:\\Users\\piotr\\Desktop\\Studia\\Semestr 4\\AI1\\Zadania\\Lab9\\Lab9 pliki\\vendor\\laravel\\framework\\src\\Illuminate\\Session\\Middleware\\StartSession.php(64): Illuminate\\Session\\Middleware\\StartSession->handleStatefulRequest(Object(Illuminate\\Http\\Request), Object(Illuminate\\Session\\Store), Object(Closure))
#30 C:\\Users\\piotr\\Desktop\\Studia\\Semestr 4\\AI1\\Zadania\\Lab9\\Lab9 pliki\\vendor\\laravel\\framework\\src\\Illuminate\\Pipeline\\Pipeline.php(183): Illuminate\\Session\\Middleware\\StartSession->handle(Object(Illuminate\\Http\\Request), Object(Closure))
#31 C:\\Users\\piotr\\Desktop\\Studia\\Semestr 4\\AI1\\Zadania\\Lab9\\Lab9 pliki\\vendor\\laravel\\framework\\src\\Illuminate\\Cookie\\Middleware\\AddQueuedCookiesToResponse.php(37): Illuminate\\Pipeline\\Pipeline->Illuminate\\Pipeline\\{closure}(Object(Illuminate\\Http\\Request))
#32 C:\\Users\\piotr\\Desktop\\Studia\\Semestr 4\\AI1\\Zadania\\Lab9\\Lab9 pliki\\vendor\\laravel\\framework\\src\\Illuminate\\Pipeline\\Pipeline.php(183): Illuminate\\Cookie\\Middleware\\AddQueuedCookiesToResponse->handle(Object(Illuminate\\Http\\Request), Object(Closure))
#33 C:\\Users\\piotr\\Desktop\\Studia\\Semestr 4\\AI1\\Zadania\\Lab9\\Lab9 pliki\\vendor\\laravel\\framework\\src\\Illuminate\\Cookie\\Middleware\\EncryptCookies.php(75): Illuminate\\Pipeline\\Pipeline->Illuminate\\Pipeline\\{closure}(Object(Illuminate\\Http\\Request))
#34 C:\\Users\\piotr\\Desktop\\Studia\\Semestr 4\\AI1\\Zadania\\Lab9\\Lab9 pliki\\vendor\\laravel\\framework\\src\\Illuminate\\Pipeline\\Pipeline.php(183): Illuminate\\Cookie\\Middleware\\EncryptCookies->handle(Object(Illuminate\\Http\\Request), Object(Closure))
#35 C:\\Users\\piotr\\Desktop\\Studia\\Semestr 4\\AI1\\Zadania\\Lab9\\Lab9 pliki\\vendor\\laravel\\framework\\src\\Illuminate\\Pipeline\\Pipeline.php(119): Illuminate\\Pipeline\\Pipeline->Illuminate\\Pipeline\\{closure}(Object(Illuminate\\Http\\Request))
#36 C:\\Users\\piotr\\Desktop\\Studia\\Semestr 4\\AI1\\Zadania\\Lab9\\Lab9 pliki\\vendor\\laravel\\framework\\src\\Illuminate\\Routing\\Router.php(805): Illuminate\\Pipeline\\Pipeline->then(Object(Closure))
#37 C:\\Users\\piotr\\Desktop\\Studia\\Semestr 4\\AI1\\Zadania\\Lab9\\Lab9 pliki\\vendor\\laravel\\framework\\src\\Illuminate\\Routing\\Router.php(784): Illuminate\\Routing\\Router->runRouteWithinStack(Object(Illuminate\\Routing\\Route), Object(Illuminate\\Http\\Request))
#38 C:\\Users\\piotr\\Desktop\\Studia\\Semestr 4\\AI1\\Zadania\\Lab9\\Lab9 pliki\\vendor\\laravel\\framework\\src\\Illuminate\\Routing\\Router.php(748): Illuminate\\Routing\\Router->runRoute(Object(Illuminate\\Http\\Request), Object(Illuminate\\Routing\\Route))
#39 C:\\Users\\piotr\\Desktop\\Studia\\Semestr 4\\AI1\\Zadania\\Lab9\\Lab9 pliki\\vendor\\laravel\\framework\\src\\Illuminate\\Routing\\Router.php(737): Illuminate\\Routing\\Router->dispatchToRoute(Object(Illuminate\\Http\\Request))
#40 C:\\Users\\piotr\\Desktop\\Studia\\Semestr 4\\AI1\\Zadania\\Lab9\\Lab9 pliki\\vendor\\laravel\\framework\\src\\Illuminate\\Foundation\\Http\\Kernel.php(200): Illuminate\\Routing\\Router->dispatch(Object(Illuminate\\Http\\Request))
#41 C:\\Users\\piotr\\Desktop\\Studia\\Semestr 4\\AI1\\Zadania\\Lab9\\Lab9 pliki\\vendor\\laravel\\framework\\src\\Illuminate\\Pipeline\\Pipeline.php(144): Illuminate\\Foundation\\Http\\Kernel->Illuminate\\Foundation\\Http\\{closure}(Object(Illuminate\\Http\\Request))
#42 C:\\Users\\piotr\\Desktop\\Studia\\Semestr 4\\AI1\\Zadania\\Lab9\\Lab9 pliki\\vendor\\barryvdh\\laravel-debugbar\\src\\Middleware\\InjectDebugbar.php(66): Illuminate\\Pipeline\\Pipeline->Illuminate\\Pipeline\\{closure}(Object(Illuminate\\Http\\Request))
#43 C:\\Users\\piotr\\Desktop\\Studia\\Semestr 4\\AI1\\Zadania\\Lab9\\Lab9 pliki\\vendor\\laravel\\framework\\src\\Illuminate\\Pipeline\\Pipeline.php(183): Barryvdh\\Debugbar\\Middleware\\InjectDebugbar->handle(Object(Illuminate\\Http\\Request), Object(Closure))
#44 C:\\Users\\piotr\\Desktop\\Studia\\Semestr 4\\AI1\\Zadania\\Lab9\\Lab9 pliki\\vendor\\laravel\\framework\\src\\Illuminate\\Foundation\\Http\\Middleware\\TransformsRequest.php(21): Illuminate\\Pipeline\\Pipeline->Illuminate\\Pipeline\\{closure}(Object(Illuminate\\Http\\Request))
#45 C:\\Users\\piotr\\Desktop\\Studia\\Semestr 4\\AI1\\Zadania\\Lab9\\Lab9 pliki\\vendor\\laravel\\framework\\src\\Illuminate\\Foundation\\Http\\Middleware\\ConvertEmptyStringsToNull.php(31): Illuminate\\Foundation\\Http\\Middleware\\TransformsRequest->handle(Object(Illuminate\\Http\\Request), Object(Closure))
#46 C:\\Users\\piotr\\Desktop\\Studia\\Semestr 4\\AI1\\Zadania\\Lab9\\Lab9 pliki\\vendor\\laravel\\framework\\src\\Illuminate\\Pipeline\\Pipeline.php(183): Illuminate\\Foundation\\Http\\Middleware\\ConvertEmptyStringsToNull->handle(Object(Illuminate\\Http\\Request), Object(Closure))
#47 C:\\Users\\piotr\\Desktop\\Studia\\Semestr 4\\AI1\\Zadania\\Lab9\\Lab9 pliki\\vendor\\laravel\\framework\\src\\Illuminate\\Foundation\\Http\\Middleware\\TransformsRequest.php(21): Illuminate\\Pipeline\\Pipeline->Illuminate\\Pipeline\\{closure}(Object(Illuminate\\Http\\Request))
#48 C:\\Users\\piotr\\Desktop\\Studia\\Semestr 4\\AI1\\Zadania\\Lab9\\Lab9 pliki\\vendor\\laravel\\framework\\src\\Illuminate\\Foundation\\Http\\Middleware\\TrimStrings.php(50): Illuminate\\Foundation\\Http\\Middleware\\TransformsRequest->handle(Object(Illuminate\\Http\\Request), Object(Closure))
#49 C:\\Users\\piotr\\Desktop\\Studia\\Semestr 4\\AI1\\Zadania\\Lab9\\Lab9 pliki\\vendor\\laravel\\framework\\src\\Illuminate\\Pipeline\\Pipeline.php(183): Illuminate\\Foundation\\Http\\Middleware\\TrimStrings->handle(Object(Illuminate\\Http\\Request), Object(Closure))
#50 C:\\Users\\piotr\\Desktop\\Studia\\Semestr 4\\AI1\\Zadania\\Lab9\\Lab9 pliki\\vendor\\laravel\\framework\\src\\Illuminate\\Http\\Middleware\\ValidatePostSize.php(27): Illuminate\\Pipeline\\Pipeline->Illuminate\\Pipeline\\{closure}(Object(Illuminate\\Http\\Request))
#51 C:\\Users\\piotr\\Desktop\\Studia\\Semestr 4\\AI1\\Zadania\\Lab9\\Lab9 pliki\\vendor\\laravel\\framework\\src\\Illuminate\\Pipeline\\Pipeline.php(183): Illuminate\\Http\\Middleware\\ValidatePostSize->handle(Object(Illuminate\\Http\\Request), Object(Closure))
#52 C:\\Users\\piotr\\Desktop\\Studia\\Semestr 4\\AI1\\Zadania\\Lab9\\Lab9 pliki\\vendor\\laravel\\framework\\src\\Illuminate\\Foundation\\Http\\Middleware\\PreventRequestsDuringMaintenance.php(110): Illuminate\\Pipeline\\Pipeline->Illuminate\\Pipeline\\{closure}(Object(Illuminate\\Http\\Request))
#53 C:\\Users\\piotr\\Desktop\\Studia\\Semestr 4\\AI1\\Zadania\\Lab9\\Lab9 pliki\\vendor\\laravel\\framework\\src\\Illuminate\\Pipeline\\Pipeline.php(183): Illuminate\\Foundation\\Http\\Middleware\\PreventRequestsDuringMaintenance->handle(Object(Illuminate\\Http\\Request), Object(Closure))
#54 C:\\Users\\piotr\\Desktop\\Studia\\Semestr 4\\AI1\\Zadania\\Lab9\\Lab9 pliki\\vendor\\laravel\\framework\\src\\Illuminate\\Http\\Middleware\\HandleCors.php(49): Illuminate\\Pipeline\\Pipeline->Illuminate\\Pipeline\\{closure}(Object(Illuminate\\Http\\Request))
#55 C:\\Users\\piotr\\Desktop\\Studia\\Semestr 4\\AI1\\Zadania\\Lab9\\Lab9 pliki\\vendor\\laravel\\framework\\src\\Illuminate\\Pipeline\\Pipeline.php(183): Illuminate\\Http\\Middleware\\HandleCors->handle(Object(Illuminate\\Http\\Request), Object(Closure))
#56 C:\\Users\\piotr\\Desktop\\Studia\\Semestr 4\\AI1\\Zadania\\Lab9\\Lab9 pliki\\vendor\\laravel\\framework\\src\\Illuminate\\Http\\Middleware\\TrustProxies.php(57): Illuminate\\Pipeline\\Pipeline->Illuminate\\Pipeline\\{closure}(Object(Illuminate\\Http\\Request))
#57 C:\\Users\\piotr\\Desktop\\Studia\\Semestr 4\\AI1\\Zadania\\Lab9\\Lab9 pliki\\vendor\\laravel\\framework\\src\\Illuminate\\Pipeline\\Pipeline.php(183): Illuminate\\Http\\Middleware\\TrustProxies->handle(Object(Illuminate\\Http\\Request), Object(Closure))
#58 C:\\Users\\piotr\\Desktop\\Studia\\Semestr 4\\AI1\\Zadania\\Lab9\\Lab9 pliki\\vendor\\laravel\\framework\\src\\Illuminate\\Pipeline\\Pipeline.php(119): Illuminate\\Pipeline\\Pipeline->Illuminate\\Pipeline\\{closure}(Object(Illuminate\\Http\\Request))
#59 C:\\Users\\piotr\\Desktop\\Studia\\Semestr 4\\AI1\\Zadania\\Lab9\\Lab9 pliki\\vendor\\laravel\\framework\\src\\Illuminate\\Foundation\\Http\\Kernel.php(175): Illuminate\\Pipeline\\Pipeline->then(Object(Closure))
#60 C:\\Users\\piotr\\Desktop\\Studia\\Semestr 4\\AI1\\Zadania\\Lab9\\Lab9 pliki\\vendor\\laravel\\framework\\src\\Illuminate\\Foundation\\Http\\Kernel.php(144): Illuminate\\Foundation\\Http\\Kernel->sendRequestThroughRouter(Object(Illuminate\\Http\\Request))
#61 C:\\Users\\piotr\\Desktop\\Studia\\Semestr 4\\AI1\\Zadania\\Lab9\\Lab9 pliki\\vendor\\laravel\\framework\\src\\Illuminate\\Foundation\\Application.php(1168): Illuminate\\Foundation\\Http\\Kernel->handle(Object(Illuminate\\Http\\Request))
#62 C:\\Users\\piotr\\Desktop\\Studia\\Semestr 4\\AI1\\Zadania\\Lab9\\Lab9 pliki\\public\\index.php(17): Illuminate\\Foundation\\Application->handleRequest(Object(Illuminate\\Http\\Request))
#63 C:\\Users\\piotr\\Desktop\\Studia\\Semestr 4\\AI1\\Zadania\\Lab9\\Lab9 pliki\\vendor\\laravel\\framework\\src\\Illuminate\\Foundation\\resources\\server.php(16): require_once('C:\\\\Users\\\\piotr\\\\...')
#64 {main}
"} 
[2024-04-29 15:11:40] local.NOTICE: 'jan@email.com' did GET on '/'  
[2024-04-29 15:11:40] local.ERROR: Please provide a valid cache path. {"userId":1,"exception":"[object] (InvalidArgumentException(code: 0): Please provide a valid cache path. at C:\\Users\\piotr\\Desktop\\Studia\\Semestr 4\\AI1\\Zadania\\Lab9\\Lab9 pliki\\vendor\\laravel\\framework\\src\\Illuminate\\View\\Compilers\\Compiler.php:67)
[stacktrace]
#0 C:\\Users\\piotr\\Desktop\\Studia\\Semestr 4\\AI1\\Zadania\\Lab9\\Lab9 pliki\\vendor\\laravel\\framework\\src\\Illuminate\\View\\ViewServiceProvider.php(96): Illuminate\\View\\Compilers\\Compiler->__construct(Object(Illuminate\\Filesystem\\Filesystem), false, '', true, 'php')
#1 C:\\Users\\piotr\\Desktop\\Studia\\Semestr 4\\AI1\\Zadania\\Lab9\\Lab9 pliki\\vendor\\laravel\\framework\\src\\Illuminate\\Container\\Container.php(900): Illuminate\\View\\ViewServiceProvider->Illuminate\\View\\{closure}(Object(Illuminate\\Foundation\\Application), Array)
#2 C:\\Users\\piotr\\Desktop\\Studia\\Semestr 4\\AI1\\Zadania\\Lab9\\Lab9 pliki\\vendor\\laravel\\framework\\src\\Illuminate\\Container\\Container.php(787): Illuminate\\Container\\Container->build(Object(Closure))
#3 C:\\Users\\piotr\\Desktop\\Studia\\Semestr 4\\AI1\\Zadania\\Lab9\\Lab9 pliki\\vendor\\laravel\\framework\\src\\Illuminate\\Foundation\\Application.php(1026): Illuminate\\Container\\Container->resolve('blade.compiler', Array, true)
#4 C:\\Users\\piotr\\Desktop\\Studia\\Semestr 4\\AI1\\Zadania\\Lab9\\Lab9 pliki\\vendor\\laravel\\framework\\src\\Illuminate\\Container\\Container.php(723): Illuminate\\Foundation\\Application->resolve('blade.compiler', Array)
#5 C:\\Users\\piotr\\Desktop\\Studia\\Semestr 4\\AI1\\Zadania\\Lab9\\Lab9 pliki\\vendor\\laravel\\framework\\src\\Illuminate\\Foundation\\Application.php(1011): Illuminate\\Container\\Container->make('blade.compiler', Array)
#6 C:\\Users\\piotr\\Desktop\\Studia\\Semestr 4\\AI1\\Zadania\\Lab9\\Lab9 pliki\\vendor\\laravel\\framework\\src\\Illuminate\\Container\\Container.php(1446): Illuminate\\Foundation\\Application->make('blade.compiler')
#7 C:\\Users\\piotr\\Desktop\\Studia\\Semestr 4\\AI1\\Zadania\\Lab9\\Lab9 pliki\\vendor\\laravel\\framework\\src\\Illuminate\\View\\ViewServiceProvider.php(164): Illuminate\\Container\\Container->offsetGet('blade.compiler')
#8 [internal function]: Illuminate\\View\\ViewServiceProvider->Illuminate\\View\\{closure}()
#9 C:\\Users\\piotr\\Desktop\\Studia\\Semestr 4\\AI1\\Zadania\\Lab9\\Lab9 pliki\\vendor\\laravel\\framework\\src\\Illuminate\\View\\Engines\\EngineResolver.php(55): call_user_func(Object(Closure))
#10 C:\\Users\\piotr\\Desktop\\Studia\\Semestr 4\\AI1\\Zadania\\Lab9\\Lab9 pliki\\vendor\\laravel\\framework\\src\\Illuminate\\View\\Factory.php(310): Illuminate\\View\\Engines\\EngineResolver->resolve('blade')
#11 C:\\Users\\piotr\\Desktop\\Studia\\Semestr 4\\AI1\\Zadania\\Lab9\\Lab9 pliki\\vendor\\laravel\\framework\\src\\Illuminate\\View\\Factory.php(274): Illuminate\\View\\Factory->getEngineFromPath('C:\\\\Users\\\\piotr\\\\...')
#12 C:\\Users\\piotr\\Desktop\\Studia\\Semestr 4\\AI1\\Zadania\\Lab9\\Lab9 pliki\\vendor\\laravel\\framework\\src\\Illuminate\\View\\Factory.php(146): Illuminate\\View\\Factory->viewInstance('welcome', 'C:\\\\Users\\\\piotr\\\\...', Array)
#13 C:\\Users\\piotr\\Desktop\\Studia\\Semestr 4\\AI1\\Zadania\\Lab9\\Lab9 pliki\\vendor\\laravel\\framework\\src\\Illuminate\\Foundation\\helpers.php(1020): Illuminate\\View\\Factory->make('welcome', Array, Array)
#14 C:\\Users\\piotr\\Desktop\\Studia\\Semestr 4\\AI1\\Zadania\\Lab9\\Lab9 pliki\\routes\\web.php(9): view('welcome')
#15 C:\\Users\\piotr\\Desktop\\Studia\\Semestr 4\\AI1\\Zadania\\Lab9\\Lab9 pliki\\vendor\\laravel\\framework\\src\\Illuminate\\Routing\\CallableDispatcher.php(40): Illuminate\\Routing\\RouteFileRegistrar->{closure}()
#16 C:\\Users\\piotr\\Desktop\\Studia\\Semestr 4\\AI1\\Zadania\\Lab9\\Lab9 pliki\\vendor\\laravel\\framework\\src\\Illuminate\\Routing\\Route.php(238): Illuminate\\Routing\\CallableDispatcher->dispatch(Object(Illuminate\\Routing\\Route), Object(Closure))
#17 C:\\Users\\piotr\\Desktop\\Studia\\Semestr 4\\AI1\\Zadania\\Lab9\\Lab9 pliki\\vendor\\laravel\\framework\\src\\Illuminate\\Routing\\Route.php(209): Illuminate\\Routing\\Route->runCallable()
#18 C:\\Users\\piotr\\Desktop\\Studia\\Semestr 4\\AI1\\Zadania\\Lab9\\Lab9 pliki\\vendor\\laravel\\framework\\src\\Illuminate\\Routing\\Router.php(806): Illuminate\\Routing\\Route->run()
#19 C:\\Users\\piotr\\Desktop\\Studia\\Semestr 4\\AI1\\Zadania\\Lab9\\Lab9 pliki\\vendor\\laravel\\framework\\src\\Illuminate\\Pipeline\\Pipeline.php(144): Illuminate\\Routing\\Router->Illuminate\\Routing\\{closure}(Object(Illuminate\\Http\\Request))
#20 C:\\Users\\piotr\\Desktop\\Studia\\Semestr 4\\AI1\\Zadania\\Lab9\\Lab9 pliki\\app\\Http\\Middleware\\LogActivity.php(29): Illuminate\\Pipeline\\Pipeline->Illuminate\\Pipeline\\{closure}(Object(Illuminate\\Http\\Request))
#21 C:\\Users\\piotr\\Desktop\\Studia\\Semestr 4\\AI1\\Zadania\\Lab9\\Lab9 pliki\\vendor\\laravel\\framework\\src\\Illuminate\\Pipeline\\Pipeline.php(183): App\\Http\\Middleware\\LogActivity->handle(Object(Illuminate\\Http\\Request), Object(Closure))
#22 C:\\Users\\piotr\\Desktop\\Studia\\Semestr 4\\AI1\\Zadania\\Lab9\\Lab9 pliki\\vendor\\laravel\\framework\\src\\Illuminate\\Routing\\Middleware\\SubstituteBindings.php(50): Illuminate\\Pipeline\\Pipeline->Illuminate\\Pipeline\\{closure}(Object(Illuminate\\Http\\Request))
#23 C:\\Users\\piotr\\Desktop\\Studia\\Semestr 4\\AI1\\Zadania\\Lab9\\Lab9 pliki\\vendor\\laravel\\framework\\src\\Illuminate\\Pipeline\\Pipeline.php(183): Illuminate\\Routing\\Middleware\\SubstituteBindings->handle(Object(Illuminate\\Http\\Request), Object(Closure))
#24 C:\\Users\\piotr\\Desktop\\Studia\\Semestr 4\\AI1\\Zadania\\Lab9\\Lab9 pliki\\vendor\\laravel\\framework\\src\\Illuminate\\Foundation\\Http\\Middleware\\VerifyCsrfToken.php(88): Illuminate\\Pipeline\\Pipeline->Illuminate\\Pipeline\\{closure}(Object(Illuminate\\Http\\Request))
#25 C:\\Users\\piotr\\Desktop\\Studia\\Semestr 4\\AI1\\Zadania\\Lab9\\Lab9 pliki\\vendor\\laravel\\framework\\src\\Illuminate\\Pipeline\\Pipeline.php(183): Illuminate\\Foundation\\Http\\Middleware\\VerifyCsrfToken->handle(Object(Illuminate\\Http\\Request), Object(Closure))
#26 C:\\Users\\piotr\\Desktop\\Studia\\Semestr 4\\AI1\\Zadania\\Lab9\\Lab9 pliki\\vendor\\laravel\\framework\\src\\Illuminate\\View\\Middleware\\ShareErrorsFromSession.php(49): Illuminate\\Pipeline\\Pipeline->Illuminate\\Pipeline\\{closure}(Object(Illuminate\\Http\\Request))
#27 C:\\Users\\piotr\\Desktop\\Studia\\Semestr 4\\AI1\\Zadania\\Lab9\\Lab9 pliki\\vendor\\laravel\\framework\\src\\Illuminate\\Pipeline\\Pipeline.php(183): Illuminate\\View\\Middleware\\ShareErrorsFromSession->handle(Object(Illuminate\\Http\\Request), Object(Closure))
#28 C:\\Users\\piotr\\Desktop\\Studia\\Semestr 4\\AI1\\Zadania\\Lab9\\Lab9 pliki\\vendor\\laravel\\framework\\src\\Illuminate\\Session\\Middleware\\StartSession.php(121): Illuminate\\Pipeline\\Pipeline->Illuminate\\Pipeline\\{closure}(Object(Illuminate\\Http\\Request))
#29 C:\\Users\\piotr\\Desktop\\Studia\\Semestr 4\\AI1\\Zadania\\Lab9\\Lab9 pliki\\vendor\\laravel\\framework\\src\\Illuminate\\Session\\Middleware\\StartSession.php(64): Illuminate\\Session\\Middleware\\StartSession->handleStatefulRequest(Object(Illuminate\\Http\\Request), Object(Illuminate\\Session\\Store), Object(Closure))
#30 C:\\Users\\piotr\\Desktop\\Studia\\Semestr 4\\AI1\\Zadania\\Lab9\\Lab9 pliki\\vendor\\laravel\\framework\\src\\Illuminate\\Pipeline\\Pipeline.php(183): Illuminate\\Session\\Middleware\\StartSession->handle(Object(Illuminate\\Http\\Request), Object(Closure))
#31 C:\\Users\\piotr\\Desktop\\Studia\\Semestr 4\\AI1\\Zadania\\Lab9\\Lab9 pliki\\vendor\\laravel\\framework\\src\\Illuminate\\Cookie\\Middleware\\AddQueuedCookiesToResponse.php(37): Illuminate\\Pipeline\\Pipeline->Illuminate\\Pipeline\\{closure}(Object(Illuminate\\Http\\Request))
#32 C:\\Users\\piotr\\Desktop\\Studia\\Semestr 4\\AI1\\Zadania\\Lab9\\Lab9 pliki\\vendor\\laravel\\framework\\src\\Illuminate\\Pipeline\\Pipeline.php(183): Illuminate\\Cookie\\Middleware\\AddQueuedCookiesToResponse->handle(Object(Illuminate\\Http\\Request), Object(Closure))
#33 C:\\Users\\piotr\\Desktop\\Studia\\Semestr 4\\AI1\\Zadania\\Lab9\\Lab9 pliki\\vendor\\laravel\\framework\\src\\Illuminate\\Cookie\\Middleware\\EncryptCookies.php(75): Illuminate\\Pipeline\\Pipeline->Illuminate\\Pipeline\\{closure}(Object(Illuminate\\Http\\Request))
#34 C:\\Users\\piotr\\Desktop\\Studia\\Semestr 4\\AI1\\Zadania\\Lab9\\Lab9 pliki\\vendor\\laravel\\framework\\src\\Illuminate\\Pipeline\\Pipeline.php(183): Illuminate\\Cookie\\Middleware\\EncryptCookies->handle(Object(Illuminate\\Http\\Request), Object(Closure))
#35 C:\\Users\\piotr\\Desktop\\Studia\\Semestr 4\\AI1\\Zadania\\Lab9\\Lab9 pliki\\vendor\\laravel\\framework\\src\\Illuminate\\Pipeline\\Pipeline.php(119): Illuminate\\Pipeline\\Pipeline->Illuminate\\Pipeline\\{closure}(Object(Illuminate\\Http\\Request))
#36 C:\\Users\\piotr\\Desktop\\Studia\\Semestr 4\\AI1\\Zadania\\Lab9\\Lab9 pliki\\vendor\\laravel\\framework\\src\\Illuminate\\Routing\\Router.php(805): Illuminate\\Pipeline\\Pipeline->then(Object(Closure))
#37 C:\\Users\\piotr\\Desktop\\Studia\\Semestr 4\\AI1\\Zadania\\Lab9\\Lab9 pliki\\vendor\\laravel\\framework\\src\\Illuminate\\Routing\\Router.php(784): Illuminate\\Routing\\Router->runRouteWithinStack(Object(Illuminate\\Routing\\Route), Object(Illuminate\\Http\\Request))
#38 C:\\Users\\piotr\\Desktop\\Studia\\Semestr 4\\AI1\\Zadania\\Lab9\\Lab9 pliki\\vendor\\laravel\\framework\\src\\Illuminate\\Routing\\Router.php(748): Illuminate\\Routing\\Router->runRoute(Object(Illuminate\\Http\\Request), Object(Illuminate\\Routing\\Route))
#39 C:\\Users\\piotr\\Desktop\\Studia\\Semestr 4\\AI1\\Zadania\\Lab9\\Lab9 pliki\\vendor\\laravel\\framework\\src\\Illuminate\\Routing\\Router.php(737): Illuminate\\Routing\\Router->dispatchToRoute(Object(Illuminate\\Http\\Request))
#40 C:\\Users\\piotr\\Desktop\\Studia\\Semestr 4\\AI1\\Zadania\\Lab9\\Lab9 pliki\\vendor\\laravel\\framework\\src\\Illuminate\\Foundation\\Http\\Kernel.php(200): Illuminate\\Routing\\Router->dispatch(Object(Illuminate\\Http\\Request))
#41 C:\\Users\\piotr\\Desktop\\Studia\\Semestr 4\\AI1\\Zadania\\Lab9\\Lab9 pliki\\vendor\\laravel\\framework\\src\\Illuminate\\Pipeline\\Pipeline.php(144): Illuminate\\Foundation\\Http\\Kernel->Illuminate\\Foundation\\Http\\{closure}(Object(Illuminate\\Http\\Request))
#42 C:\\Users\\piotr\\Desktop\\Studia\\Semestr 4\\AI1\\Zadania\\Lab9\\Lab9 pliki\\vendor\\barryvdh\\laravel-debugbar\\src\\Middleware\\InjectDebugbar.php(66): Illuminate\\Pipeline\\Pipeline->Illuminate\\Pipeline\\{closure}(Object(Illuminate\\Http\\Request))
#43 C:\\Users\\piotr\\Desktop\\Studia\\Semestr 4\\AI1\\Zadania\\Lab9\\Lab9 pliki\\vendor\\laravel\\framework\\src\\Illuminate\\Pipeline\\Pipeline.php(183): Barryvdh\\Debugbar\\Middleware\\InjectDebugbar->handle(Object(Illuminate\\Http\\Request), Object(Closure))
#44 C:\\Users\\piotr\\Desktop\\Studia\\Semestr 4\\AI1\\Zadania\\Lab9\\Lab9 pliki\\vendor\\laravel\\framework\\src\\Illuminate\\Foundation\\Http\\Middleware\\TransformsRequest.php(21): Illuminate\\Pipeline\\Pipeline->Illuminate\\Pipeline\\{closure}(Object(Illuminate\\Http\\Request))
#45 C:\\Users\\piotr\\Desktop\\Studia\\Semestr 4\\AI1\\Zadania\\Lab9\\Lab9 pliki\\vendor\\laravel\\framework\\src\\Illuminate\\Foundation\\Http\\Middleware\\ConvertEmptyStringsToNull.php(31): Illuminate\\Foundation\\Http\\Middleware\\TransformsRequest->handle(Object(Illuminate\\Http\\Request), Object(Closure))
#46 C:\\Users\\piotr\\Desktop\\Studia\\Semestr 4\\AI1\\Zadania\\Lab9\\Lab9 pliki\\vendor\\laravel\\framework\\src\\Illuminate\\Pipeline\\Pipeline.php(183): Illuminate\\Foundation\\Http\\Middleware\\ConvertEmptyStringsToNull->handle(Object(Illuminate\\Http\\Request), Object(Closure))
#47 C:\\Users\\piotr\\Desktop\\Studia\\Semestr 4\\AI1\\Zadania\\Lab9\\Lab9 pliki\\vendor\\laravel\\framework\\src\\Illuminate\\Foundation\\Http\\Middleware\\TransformsRequest.php(21): Illuminate\\Pipeline\\Pipeline->Illuminate\\Pipeline\\{closure}(Object(Illuminate\\Http\\Request))
#48 C:\\Users\\piotr\\Desktop\\Studia\\Semestr 4\\AI1\\Zadania\\Lab9\\Lab9 pliki\\vendor\\laravel\\framework\\src\\Illuminate\\Foundation\\Http\\Middleware\\TrimStrings.php(50): Illuminate\\Foundation\\Http\\Middleware\\TransformsRequest->handle(Object(Illuminate\\Http\\Request), Object(Closure))
#49 C:\\Users\\piotr\\Desktop\\Studia\\Semestr 4\\AI1\\Zadania\\Lab9\\Lab9 pliki\\vendor\\laravel\\framework\\src\\Illuminate\\Pipeline\\Pipeline.php(183): Illuminate\\Foundation\\Http\\Middleware\\TrimStrings->handle(Object(Illuminate\\Http\\Request), Object(Closure))
#50 C:\\Users\\piotr\\Desktop\\Studia\\Semestr 4\\AI1\\Zadania\\Lab9\\Lab9 pliki\\vendor\\laravel\\framework\\src\\Illuminate\\Http\\Middleware\\ValidatePostSize.php(27): Illuminate\\Pipeline\\Pipeline->Illuminate\\Pipeline\\{closure}(Object(Illuminate\\Http\\Request))
#51 C:\\Users\\piotr\\Desktop\\Studia\\Semestr 4\\AI1\\Zadania\\Lab9\\Lab9 pliki\\vendor\\laravel\\framework\\src\\Illuminate\\Pipeline\\Pipeline.php(183): Illuminate\\Http\\Middleware\\ValidatePostSize->handle(Object(Illuminate\\Http\\Request), Object(Closure))
#52 C:\\Users\\piotr\\Desktop\\Studia\\Semestr 4\\AI1\\Zadania\\Lab9\\Lab9 pliki\\vendor\\laravel\\framework\\src\\Illuminate\\Foundation\\Http\\Middleware\\PreventRequestsDuringMaintenance.php(110): Illuminate\\Pipeline\\Pipeline->Illuminate\\Pipeline\\{closure}(Object(Illuminate\\Http\\Request))
#53 C:\\Users\\piotr\\Desktop\\Studia\\Semestr 4\\AI1\\Zadania\\Lab9\\Lab9 pliki\\vendor\\laravel\\framework\\src\\Illuminate\\Pipeline\\Pipeline.php(183): Illuminate\\Foundation\\Http\\Middleware\\PreventRequestsDuringMaintenance->handle(Object(Illuminate\\Http\\Request), Object(Closure))
#54 C:\\Users\\piotr\\Desktop\\Studia\\Semestr 4\\AI1\\Zadania\\Lab9\\Lab9 pliki\\vendor\\laravel\\framework\\src\\Illuminate\\Http\\Middleware\\HandleCors.php(49): Illuminate\\Pipeline\\Pipeline->Illuminate\\Pipeline\\{closure}(Object(Illuminate\\Http\\Request))
#55 C:\\Users\\piotr\\Desktop\\Studia\\Semestr 4\\AI1\\Zadania\\Lab9\\Lab9 pliki\\vendor\\laravel\\framework\\src\\Illuminate\\Pipeline\\Pipeline.php(183): Illuminate\\Http\\Middleware\\HandleCors->handle(Object(Illuminate\\Http\\Request), Object(Closure))
#56 C:\\Users\\piotr\\Desktop\\Studia\\Semestr 4\\AI1\\Zadania\\Lab9\\Lab9 pliki\\vendor\\laravel\\framework\\src\\Illuminate\\Http\\Middleware\\TrustProxies.php(57): Illuminate\\Pipeline\\Pipeline->Illuminate\\Pipeline\\{closure}(Object(Illuminate\\Http\\Request))
#57 C:\\Users\\piotr\\Desktop\\Studia\\Semestr 4\\AI1\\Zadania\\Lab9\\Lab9 pliki\\vendor\\laravel\\framework\\src\\Illuminate\\Pipeline\\Pipeline.php(183): Illuminate\\Http\\Middleware\\TrustProxies->handle(Object(Illuminate\\Http\\Request), Object(Closure))
#58 C:\\Users\\piotr\\Desktop\\Studia\\Semestr 4\\AI1\\Zadania\\Lab9\\Lab9 pliki\\vendor\\laravel\\framework\\src\\Illuminate\\Pipeline\\Pipeline.php(119): Illuminate\\Pipeline\\Pipeline->Illuminate\\Pipeline\\{closure}(Object(Illuminate\\Http\\Request))
#59 C:\\Users\\piotr\\Desktop\\Studia\\Semestr 4\\AI1\\Zadania\\Lab9\\Lab9 pliki\\vendor\\laravel\\framework\\src\\Illuminate\\Foundation\\Http\\Kernel.php(175): Illuminate\\Pipeline\\Pipeline->then(Object(Closure))
#60 C:\\Users\\piotr\\Desktop\\Studia\\Semestr 4\\AI1\\Zadania\\Lab9\\Lab9 pliki\\vendor\\laravel\\framework\\src\\Illuminate\\Foundation\\Http\\Kernel.php(144): Illuminate\\Foundation\\Http\\Kernel->sendRequestThroughRouter(Object(Illuminate\\Http\\Request))
#61 C:\\Users\\piotr\\Desktop\\Studia\\Semestr 4\\AI1\\Zadania\\Lab9\\Lab9 pliki\\vendor\\laravel\\framework\\src\\Illuminate\\Foundation\\Application.php(1168): Illuminate\\Foundation\\Http\\Kernel->handle(Object(Illuminate\\Http\\Request))
#62 C:\\Users\\piotr\\Desktop\\Studia\\Semestr 4\\AI1\\Zadania\\Lab9\\Lab9 pliki\\public\\index.php(17): Illuminate\\Foundation\\Application->handleRequest(Object(Illuminate\\Http\\Request))
#63 C:\\Users\\piotr\\Desktop\\Studia\\Semestr 4\\AI1\\Zadania\\Lab9\\Lab9 pliki\\vendor\\laravel\\framework\\src\\Illuminate\\Foundation\\resources\\server.php(16): require_once('C:\\\\Users\\\\piotr\\\\...')
#64 {main}
"} 
[2024-04-29 15:11:41] local.NOTICE: 'jan@email.com' did GET on '/'  
[2024-04-29 15:11:41] local.ERROR: Please provide a valid cache path. {"userId":1,"exception":"[object] (InvalidArgumentException(code: 0): Please provide a valid cache path. at C:\\Users\\piotr\\Desktop\\Studia\\Semestr 4\\AI1\\Zadania\\Lab9\\Lab9 pliki\\vendor\\laravel\\framework\\src\\Illuminate\\View\\Compilers\\Compiler.php:67)
[stacktrace]
#0 C:\\Users\\piotr\\Desktop\\Studia\\Semestr 4\\AI1\\Zadania\\Lab9\\Lab9 pliki\\vendor\\laravel\\framework\\src\\Illuminate\\View\\ViewServiceProvider.php(96): Illuminate\\View\\Compilers\\Compiler->__construct(Object(Illuminate\\Filesystem\\Filesystem), false, '', true, 'php')
#1 C:\\Users\\piotr\\Desktop\\Studia\\Semestr 4\\AI1\\Zadania\\Lab9\\Lab9 pliki\\vendor\\laravel\\framework\\src\\Illuminate\\Container\\Container.php(900): Illuminate\\View\\ViewServiceProvider->Illuminate\\View\\{closure}(Object(Illuminate\\Foundation\\Application), Array)
#2 C:\\Users\\piotr\\Desktop\\Studia\\Semestr 4\\AI1\\Zadania\\Lab9\\Lab9 pliki\\vendor\\laravel\\framework\\src\\Illuminate\\Container\\Container.php(787): Illuminate\\Container\\Container->build(Object(Closure))
#3 C:\\Users\\piotr\\Desktop\\Studia\\Semestr 4\\AI1\\Zadania\\Lab9\\Lab9 pliki\\vendor\\laravel\\framework\\src\\Illuminate\\Foundation\\Application.php(1026): Illuminate\\Container\\Container->resolve('blade.compiler', Array, true)
#4 C:\\Users\\piotr\\Desktop\\Studia\\Semestr 4\\AI1\\Zadania\\Lab9\\Lab9 pliki\\vendor\\laravel\\framework\\src\\Illuminate\\Container\\Container.php(723): Illuminate\\Foundation\\Application->resolve('blade.compiler', Array)
#5 C:\\Users\\piotr\\Desktop\\Studia\\Semestr 4\\AI1\\Zadania\\Lab9\\Lab9 pliki\\vendor\\laravel\\framework\\src\\Illuminate\\Foundation\\Application.php(1011): Illuminate\\Container\\Container->make('blade.compiler', Array)
#6 C:\\Users\\piotr\\Desktop\\Studia\\Semestr 4\\AI1\\Zadania\\Lab9\\Lab9 pliki\\vendor\\laravel\\framework\\src\\Illuminate\\Container\\Container.php(1446): Illuminate\\Foundation\\Application->make('blade.compiler')
#7 C:\\Users\\piotr\\Desktop\\Studia\\Semestr 4\\AI1\\Zadania\\Lab9\\Lab9 pliki\\vendor\\laravel\\framework\\src\\Illuminate\\View\\ViewServiceProvider.php(164): Illuminate\\Container\\Container->offsetGet('blade.compiler')
#8 [internal function]: Illuminate\\View\\ViewServiceProvider->Illuminate\\View\\{closure}()
#9 C:\\Users\\piotr\\Desktop\\Studia\\Semestr 4\\AI1\\Zadania\\Lab9\\Lab9 pliki\\vendor\\laravel\\framework\\src\\Illuminate\\View\\Engines\\EngineResolver.php(55): call_user_func(Object(Closure))
#10 C:\\Users\\piotr\\Desktop\\Studia\\Semestr 4\\AI1\\Zadania\\Lab9\\Lab9 pliki\\vendor\\laravel\\framework\\src\\Illuminate\\View\\Factory.php(310): Illuminate\\View\\Engines\\EngineResolver->resolve('blade')
#11 C:\\Users\\piotr\\Desktop\\Studia\\Semestr 4\\AI1\\Zadania\\Lab9\\Lab9 pliki\\vendor\\laravel\\framework\\src\\Illuminate\\View\\Factory.php(274): Illuminate\\View\\Factory->getEngineFromPath('C:\\\\Users\\\\piotr\\\\...')
#12 C:\\Users\\piotr\\Desktop\\Studia\\Semestr 4\\AI1\\Zadania\\Lab9\\Lab9 pliki\\vendor\\laravel\\framework\\src\\Illuminate\\View\\Factory.php(146): Illuminate\\View\\Factory->viewInstance('welcome', 'C:\\\\Users\\\\piotr\\\\...', Array)
#13 C:\\Users\\piotr\\Desktop\\Studia\\Semestr 4\\AI1\\Zadania\\Lab9\\Lab9 pliki\\vendor\\laravel\\framework\\src\\Illuminate\\Foundation\\helpers.php(1020): Illuminate\\View\\Factory->make('welcome', Array, Array)
#14 C:\\Users\\piotr\\Desktop\\Studia\\Semestr 4\\AI1\\Zadania\\Lab9\\Lab9 pliki\\routes\\web.php(9): view('welcome')
#15 C:\\Users\\piotr\\Desktop\\Studia\\Semestr 4\\AI1\\Zadania\\Lab9\\Lab9 pliki\\vendor\\laravel\\framework\\src\\Illuminate\\Routing\\CallableDispatcher.php(40): Illuminate\\Routing\\RouteFileRegistrar->{closure}()
#16 C:\\Users\\piotr\\Desktop\\Studia\\Semestr 4\\AI1\\Zadania\\Lab9\\Lab9 pliki\\vendor\\laravel\\framework\\src\\Illuminate\\Routing\\Route.php(238): Illuminate\\Routing\\CallableDispatcher->dispatch(Object(Illuminate\\Routing\\Route), Object(Closure))
#17 C:\\Users\\piotr\\Desktop\\Studia\\Semestr 4\\AI1\\Zadania\\Lab9\\Lab9 pliki\\vendor\\laravel\\framework\\src\\Illuminate\\Routing\\Route.php(209): Illuminate\\Routing\\Route->runCallable()
#18 C:\\Users\\piotr\\Desktop\\Studia\\Semestr 4\\AI1\\Zadania\\Lab9\\Lab9 pliki\\vendor\\laravel\\framework\\src\\Illuminate\\Routing\\Router.php(806): Illuminate\\Routing\\Route->run()
#19 C:\\Users\\piotr\\Desktop\\Studia\\Semestr 4\\AI1\\Zadania\\Lab9\\Lab9 pliki\\vendor\\laravel\\framework\\src\\Illuminate\\Pipeline\\Pipeline.php(144): Illuminate\\Routing\\Router->Illuminate\\Routing\\{closure}(Object(Illuminate\\Http\\Request))
#20 C:\\Users\\piotr\\Desktop\\Studia\\Semestr 4\\AI1\\Zadania\\Lab9\\Lab9 pliki\\app\\Http\\Middleware\\LogActivity.php(29): Illuminate\\Pipeline\\Pipeline->Illuminate\\Pipeline\\{closure}(Object(Illuminate\\Http\\Request))
#21 C:\\Users\\piotr\\Desktop\\Studia\\Semestr 4\\AI1\\Zadania\\Lab9\\Lab9 pliki\\vendor\\laravel\\framework\\src\\Illuminate\\Pipeline\\Pipeline.php(183): App\\Http\\Middleware\\LogActivity->handle(Object(Illuminate\\Http\\Request), Object(Closure))
#22 C:\\Users\\piotr\\Desktop\\Studia\\Semestr 4\\AI1\\Zadania\\Lab9\\Lab9 pliki\\vendor\\laravel\\framework\\src\\Illuminate\\Routing\\Middleware\\SubstituteBindings.php(50): Illuminate\\Pipeline\\Pipeline->Illuminate\\Pipeline\\{closure}(Object(Illuminate\\Http\\Request))
#23 C:\\Users\\piotr\\Desktop\\Studia\\Semestr 4\\AI1\\Zadania\\Lab9\\Lab9 pliki\\vendor\\laravel\\framework\\src\\Illuminate\\Pipeline\\Pipeline.php(183): Illuminate\\Routing\\Middleware\\SubstituteBindings->handle(Object(Illuminate\\Http\\Request), Object(Closure))
#24 C:\\Users\\piotr\\Desktop\\Studia\\Semestr 4\\AI1\\Zadania\\Lab9\\Lab9 pliki\\vendor\\laravel\\framework\\src\\Illuminate\\Foundation\\Http\\Middleware\\VerifyCsrfToken.php(88): Illuminate\\Pipeline\\Pipeline->Illuminate\\Pipeline\\{closure}(Object(Illuminate\\Http\\Request))
#25 C:\\Users\\piotr\\Desktop\\Studia\\Semestr 4\\AI1\\Zadania\\Lab9\\Lab9 pliki\\vendor\\laravel\\framework\\src\\Illuminate\\Pipeline\\Pipeline.php(183): Illuminate\\Foundation\\Http\\Middleware\\VerifyCsrfToken->handle(Object(Illuminate\\Http\\Request), Object(Closure))
#26 C:\\Users\\piotr\\Desktop\\Studia\\Semestr 4\\AI1\\Zadania\\Lab9\\Lab9 pliki\\vendor\\laravel\\framework\\src\\Illuminate\\View\\Middleware\\ShareErrorsFromSession.php(49): Illuminate\\Pipeline\\Pipeline->Illuminate\\Pipeline\\{closure}(Object(Illuminate\\Http\\Request))
#27 C:\\Users\\piotr\\Desktop\\Studia\\Semestr 4\\AI1\\Zadania\\Lab9\\Lab9 pliki\\vendor\\laravel\\framework\\src\\Illuminate\\Pipeline\\Pipeline.php(183): Illuminate\\View\\Middleware\\ShareErrorsFromSession->handle(Object(Illuminate\\Http\\Request), Object(Closure))
#28 C:\\Users\\piotr\\Desktop\\Studia\\Semestr 4\\AI1\\Zadania\\Lab9\\Lab9 pliki\\vendor\\laravel\\framework\\src\\Illuminate\\Session\\Middleware\\StartSession.php(121): Illuminate\\Pipeline\\Pipeline->Illuminate\\Pipeline\\{closure}(Object(Illuminate\\Http\\Request))
#29 C:\\Users\\piotr\\Desktop\\Studia\\Semestr 4\\AI1\\Zadania\\Lab9\\Lab9 pliki\\vendor\\laravel\\framework\\src\\Illuminate\\Session\\Middleware\\StartSession.php(64): Illuminate\\Session\\Middleware\\StartSession->handleStatefulRequest(Object(Illuminate\\Http\\Request), Object(Illuminate\\Session\\Store), Object(Closure))
#30 C:\\Users\\piotr\\Desktop\\Studia\\Semestr 4\\AI1\\Zadania\\Lab9\\Lab9 pliki\\vendor\\laravel\\framework\\src\\Illuminate\\Pipeline\\Pipeline.php(183): Illuminate\\Session\\Middleware\\StartSession->handle(Object(Illuminate\\Http\\Request), Object(Closure))
#31 C:\\Users\\piotr\\Desktop\\Studia\\Semestr 4\\AI1\\Zadania\\Lab9\\Lab9 pliki\\vendor\\laravel\\framework\\src\\Illuminate\\Cookie\\Middleware\\AddQueuedCookiesToResponse.php(37): Illuminate\\Pipeline\\Pipeline->Illuminate\\Pipeline\\{closure}(Object(Illuminate\\Http\\Request))
#32 C:\\Users\\piotr\\Desktop\\Studia\\Semestr 4\\AI1\\Zadania\\Lab9\\Lab9 pliki\\vendor\\laravel\\framework\\src\\Illuminate\\Pipeline\\Pipeline.php(183): Illuminate\\Cookie\\Middleware\\AddQueuedCookiesToResponse->handle(Object(Illuminate\\Http\\Request), Object(Closure))
#33 C:\\Users\\piotr\\Desktop\\Studia\\Semestr 4\\AI1\\Zadania\\Lab9\\Lab9 pliki\\vendor\\laravel\\framework\\src\\Illuminate\\Cookie\\Middleware\\EncryptCookies.php(75): Illuminate\\Pipeline\\Pipeline->Illuminate\\Pipeline\\{closure}(Object(Illuminate\\Http\\Request))
#34 C:\\Users\\piotr\\Desktop\\Studia\\Semestr 4\\AI1\\Zadania\\Lab9\\Lab9 pliki\\vendor\\laravel\\framework\\src\\Illuminate\\Pipeline\\Pipeline.php(183): Illuminate\\Cookie\\Middleware\\EncryptCookies->handle(Object(Illuminate\\Http\\Request), Object(Closure))
#35 C:\\Users\\piotr\\Desktop\\Studia\\Semestr 4\\AI1\\Zadania\\Lab9\\Lab9 pliki\\vendor\\laravel\\framework\\src\\Illuminate\\Pipeline\\Pipeline.php(119): Illuminate\\Pipeline\\Pipeline->Illuminate\\Pipeline\\{closure}(Object(Illuminate\\Http\\Request))
#36 C:\\Users\\piotr\\Desktop\\Studia\\Semestr 4\\AI1\\Zadania\\Lab9\\Lab9 pliki\\vendor\\laravel\\framework\\src\\Illuminate\\Routing\\Router.php(805): Illuminate\\Pipeline\\Pipeline->then(Object(Closure))
#37 C:\\Users\\piotr\\Desktop\\Studia\\Semestr 4\\AI1\\Zadania\\Lab9\\Lab9 pliki\\vendor\\laravel\\framework\\src\\Illuminate\\Routing\\Router.php(784): Illuminate\\Routing\\Router->runRouteWithinStack(Object(Illuminate\\Routing\\Route), Object(Illuminate\\Http\\Request))
#38 C:\\Users\\piotr\\Desktop\\Studia\\Semestr 4\\AI1\\Zadania\\Lab9\\Lab9 pliki\\vendor\\laravel\\framework\\src\\Illuminate\\Routing\\Router.php(748): Illuminate\\Routing\\Router->runRoute(Object(Illuminate\\Http\\Request), Object(Illuminate\\Routing\\Route))
#39 C:\\Users\\piotr\\Desktop\\Studia\\Semestr 4\\AI1\\Zadania\\Lab9\\Lab9 pliki\\vendor\\laravel\\framework\\src\\Illuminate\\Routing\\Router.php(737): Illuminate\\Routing\\Router->dispatchToRoute(Object(Illuminate\\Http\\Request))
#40 C:\\Users\\piotr\\Desktop\\Studia\\Semestr 4\\AI1\\Zadania\\Lab9\\Lab9 pliki\\vendor\\laravel\\framework\\src\\Illuminate\\Foundation\\Http\\Kernel.php(200): Illuminate\\Routing\\Router->dispatch(Object(Illuminate\\Http\\Request))
#41 C:\\Users\\piotr\\Desktop\\Studia\\Semestr 4\\AI1\\Zadania\\Lab9\\Lab9 pliki\\vendor\\laravel\\framework\\src\\Illuminate\\Pipeline\\Pipeline.php(144): Illuminate\\Foundation\\Http\\Kernel->Illuminate\\Foundation\\Http\\{closure}(Object(Illuminate\\Http\\Request))
#42 C:\\Users\\piotr\\Desktop\\Studia\\Semestr 4\\AI1\\Zadania\\Lab9\\Lab9 pliki\\vendor\\barryvdh\\laravel-debugbar\\src\\Middleware\\InjectDebugbar.php(66): Illuminate\\Pipeline\\Pipeline->Illuminate\\Pipeline\\{closure}(Object(Illuminate\\Http\\Request))
#43 C:\\Users\\piotr\\Desktop\\Studia\\Semestr 4\\AI1\\Zadania\\Lab9\\Lab9 pliki\\vendor\\laravel\\framework\\src\\Illuminate\\Pipeline\\Pipeline.php(183): Barryvdh\\Debugbar\\Middleware\\InjectDebugbar->handle(Object(Illuminate\\Http\\Request), Object(Closure))
#44 C:\\Users\\piotr\\Desktop\\Studia\\Semestr 4\\AI1\\Zadania\\Lab9\\Lab9 pliki\\vendor\\laravel\\framework\\src\\Illuminate\\Foundation\\Http\\Middleware\\TransformsRequest.php(21): Illuminate\\Pipeline\\Pipeline->Illuminate\\Pipeline\\{closure}(Object(Illuminate\\Http\\Request))
#45 C:\\Users\\piotr\\Desktop\\Studia\\Semestr 4\\AI1\\Zadania\\Lab9\\Lab9 pliki\\vendor\\laravel\\framework\\src\\Illuminate\\Foundation\\Http\\Middleware\\ConvertEmptyStringsToNull.php(31): Illuminate\\Foundation\\Http\\Middleware\\TransformsRequest->handle(Object(Illuminate\\Http\\Request), Object(Closure))
#46 C:\\Users\\piotr\\Desktop\\Studia\\Semestr 4\\AI1\\Zadania\\Lab9\\Lab9 pliki\\vendor\\laravel\\framework\\src\\Illuminate\\Pipeline\\Pipeline.php(183): Illuminate\\Foundation\\Http\\Middleware\\ConvertEmptyStringsToNull->handle(Object(Illuminate\\Http\\Request), Object(Closure))
#47 C:\\Users\\piotr\\Desktop\\Studia\\Semestr 4\\AI1\\Zadania\\Lab9\\Lab9 pliki\\vendor\\laravel\\framework\\src\\Illuminate\\Foundation\\Http\\Middleware\\TransformsRequest.php(21): Illuminate\\Pipeline\\Pipeline->Illuminate\\Pipeline\\{closure}(Object(Illuminate\\Http\\Request))
#48 C:\\Users\\piotr\\Desktop\\Studia\\Semestr 4\\AI1\\Zadania\\Lab9\\Lab9 pliki\\vendor\\laravel\\framework\\src\\Illuminate\\Foundation\\Http\\Middleware\\TrimStrings.php(50): Illuminate\\Foundation\\Http\\Middleware\\TransformsRequest->handle(Object(Illuminate\\Http\\Request), Object(Closure))
#49 C:\\Users\\piotr\\Desktop\\Studia\\Semestr 4\\AI1\\Zadania\\Lab9\\Lab9 pliki\\vendor\\laravel\\framework\\src\\Illuminate\\Pipeline\\Pipeline.php(183): Illuminate\\Foundation\\Http\\Middleware\\TrimStrings->handle(Object(Illuminate\\Http\\Request), Object(Closure))
#50 C:\\Users\\piotr\\Desktop\\Studia\\Semestr 4\\AI1\\Zadania\\Lab9\\Lab9 pliki\\vendor\\laravel\\framework\\src\\Illuminate\\Http\\Middleware\\ValidatePostSize.php(27): Illuminate\\Pipeline\\Pipeline->Illuminate\\Pipeline\\{closure}(Object(Illuminate\\Http\\Request))
#51 C:\\Users\\piotr\\Desktop\\Studia\\Semestr 4\\AI1\\Zadania\\Lab9\\Lab9 pliki\\vendor\\laravel\\framework\\src\\Illuminate\\Pipeline\\Pipeline.php(183): Illuminate\\Http\\Middleware\\ValidatePostSize->handle(Object(Illuminate\\Http\\Request), Object(Closure))
#52 C:\\Users\\piotr\\Desktop\\Studia\\Semestr 4\\AI1\\Zadania\\Lab9\\Lab9 pliki\\vendor\\laravel\\framework\\src\\Illuminate\\Foundation\\Http\\Middleware\\PreventRequestsDuringMaintenance.php(110): Illuminate\\Pipeline\\Pipeline->Illuminate\\Pipeline\\{closure}(Object(Illuminate\\Http\\Request))
#53 C:\\Users\\piotr\\Desktop\\Studia\\Semestr 4\\AI1\\Zadania\\Lab9\\Lab9 pliki\\vendor\\laravel\\framework\\src\\Illuminate\\Pipeline\\Pipeline.php(183): Illuminate\\Foundation\\Http\\Middleware\\PreventRequestsDuringMaintenance->handle(Object(Illuminate\\Http\\Request), Object(Closure))
#54 C:\\Users\\piotr\\Desktop\\Studia\\Semestr 4\\AI1\\Zadania\\Lab9\\Lab9 pliki\\vendor\\laravel\\framework\\src\\Illuminate\\Http\\Middleware\\HandleCors.php(49): Illuminate\\Pipeline\\Pipeline->Illuminate\\Pipeline\\{closure}(Object(Illuminate\\Http\\Request))
#55 C:\\Users\\piotr\\Desktop\\Studia\\Semestr 4\\AI1\\Zadania\\Lab9\\Lab9 pliki\\vendor\\laravel\\framework\\src\\Illuminate\\Pipeline\\Pipeline.php(183): Illuminate\\Http\\Middleware\\HandleCors->handle(Object(Illuminate\\Http\\Request), Object(Closure))
#56 C:\\Users\\piotr\\Desktop\\Studia\\Semestr 4\\AI1\\Zadania\\Lab9\\Lab9 pliki\\vendor\\laravel\\framework\\src\\Illuminate\\Http\\Middleware\\TrustProxies.php(57): Illuminate\\Pipeline\\Pipeline->Illuminate\\Pipeline\\{closure}(Object(Illuminate\\Http\\Request))
#57 C:\\Users\\piotr\\Desktop\\Studia\\Semestr 4\\AI1\\Zadania\\Lab9\\Lab9 pliki\\vendor\\laravel\\framework\\src\\Illuminate\\Pipeline\\Pipeline.php(183): Illuminate\\Http\\Middleware\\TrustProxies->handle(Object(Illuminate\\Http\\Request), Object(Closure))
#58 C:\\Users\\piotr\\Desktop\\Studia\\Semestr 4\\AI1\\Zadania\\Lab9\\Lab9 pliki\\vendor\\laravel\\framework\\src\\Illuminate\\Pipeline\\Pipeline.php(119): Illuminate\\Pipeline\\Pipeline->Illuminate\\Pipeline\\{closure}(Object(Illuminate\\Http\\Request))
#59 C:\\Users\\piotr\\Desktop\\Studia\\Semestr 4\\AI1\\Zadania\\Lab9\\Lab9 pliki\\vendor\\laravel\\framework\\src\\Illuminate\\Foundation\\Http\\Kernel.php(175): Illuminate\\Pipeline\\Pipeline->then(Object(Closure))
#60 C:\\Users\\piotr\\Desktop\\Studia\\Semestr 4\\AI1\\Zadania\\Lab9\\Lab9 pliki\\vendor\\laravel\\framework\\src\\Illuminate\\Foundation\\Http\\Kernel.php(144): Illuminate\\Foundation\\Http\\Kernel->sendRequestThroughRouter(Object(Illuminate\\Http\\Request))
#61 C:\\Users\\piotr\\Desktop\\Studia\\Semestr 4\\AI1\\Zadania\\Lab9\\Lab9 pliki\\vendor\\laravel\\framework\\src\\Illuminate\\Foundation\\Application.php(1168): Illuminate\\Foundation\\Http\\Kernel->handle(Object(Illuminate\\Http\\Request))
#62 C:\\Users\\piotr\\Desktop\\Studia\\Semestr 4\\AI1\\Zadania\\Lab9\\Lab9 pliki\\public\\index.php(17): Illuminate\\Foundation\\Application->handleRequest(Object(Illuminate\\Http\\Request))
#63 C:\\Users\\piotr\\Desktop\\Studia\\Semestr 4\\AI1\\Zadania\\Lab9\\Lab9 pliki\\vendor\\laravel\\framework\\src\\Illuminate\\Foundation\\resources\\server.php(16): require_once('C:\\\\Users\\\\piotr\\\\...')
#64 {main}
"} 
[2024-04-29 15:12:44] local.NOTICE: 'jan@email.com' did GET on '/'  
[2024-04-29 15:12:48] local.NOTICE: 'jan@email.com' did GET on '/trips'  
[2024-04-29 15:13:00] local.NOTICE: 'jan@email.com' did GET on '/trips'  
[2024-07-13 17:54:03] local.NOTICE: 'anonymous' did GET on '/'  
[2024-07-13 17:54:34] local.NOTICE: 'anonymous' did GET on '/auth/login'  
[2024-07-13 17:55:21] local.NOTICE: 'anonymous' did GET on '/auth/login'  
[2024-07-13 17:55:37] local.NOTICE: 'anonymous' did GET on '/trips'  
[2024-07-13 18:00:38] local.NOTICE: 'anonymous' did GET on '/trips/2'  
[2024-07-13 18:05:10] local.NOTICE: 'anonymous' did GET on '/auth/login'  
[2024-07-13 18:09:15] local.NOTICE: 'anonymous' did GET on '/trips'  
[2024-07-13 18:09:26] local.NOTICE: 'anonymous' did GET on '/'  
[2024-07-13 18:09:35] local.NOTICE: 'anonymous' did GET on '/trips'  
[2024-07-13 18:10:08] local.NOTICE: 'anonymous' did GET on '/auth/login'  
[2024-07-13 18:10:30] local.NOTICE: 'anonymous' did POST on '/auth/login'  
[2024-07-13 18:10:31] local.NOTICE: 'anonymous' did GET on '/auth/login'  
[2024-07-13 18:10:46] local.NOTICE: 'anonymous' did POST on '/auth/login'  
[2024-07-13 18:10:47] local.NOTICE: 'anonymous' did GET on '/auth/login'  
[2024-07-13 18:14:57] local.NOTICE: 'anonymous' did POST on '/auth/login'  
[2024-07-13 18:14:58] local.NOTICE: 'jan@email.com' did GET on '/trips'  
[2024-07-13 18:15:10] local.NOTICE: 'jan@email.com' did GET on '/trips/7/edit'  
[2024-07-13 18:15:23] local.NOTICE: 'jan@email.com' did PUT on '/trips/7'  
[2024-07-13 18:15:23] local.NOTICE: 'jan@email.com' did GET on '/trips/7/edit'  
[2024-07-13 18:15:50] local.NOTICE: 'jan@email.com' did PUT on '/trips/7'  
[2024-07-13 18:15:50] local.NOTICE: 'jan@email.com' did GET on '/trips/7/edit'  
[2024-07-14 12:51:39] local.NOTICE: 'anonymous' did GET on '/trips/7/edit'  
[2024-07-14 12:51:42] local.NOTICE: 'anonymous' did GET on '/auth/login'  
[2024-07-14 12:52:20] local.NOTICE: 'anonymous' did POST on '/auth/login'  
[2024-07-14 12:52:20] local.NOTICE: 'jan@email.com' did GET on '/trips'  
[2024-07-14 12:52:41] local.NOTICE: 'jan@email.com' did GET on '/trips/1/edit'  
[2024-07-14 12:52:46] local.NOTICE: 'jan@email.com' did PUT on '/trips/1'  
[2024-07-14 12:52:46] local.NOTICE: 'jan@email.com' did GET on '/trips/1/edit'  
[2024-07-14 12:52:54] local.NOTICE: 'jan@email.com' did PUT on '/trips/1'  
[2024-07-14 12:52:54] local.NOTICE: 'jan@email.com' did GET on '/trips/1/edit'  
[2024-07-14 12:53:17] local.NOTICE: 'jan@email.com' did GET on '/trips'  
[2024-07-14 12:53:19] local.NOTICE: 'jan@email.com' did GET on '/countries'  
[2024-07-14 12:53:24] local.NOTICE: 'jan@email.com' did DELETE on '/countries/1'  
[2024-07-14 12:53:24] local.ERROR: SQLSTATE[23000]: Integrity constraint violation: 1451 Cannot delete or update a parent row: a foreign key constraint fails (`ai1_lab9`.`trips`, CONSTRAINT `trips_country_id_foreign` FOREIGN KEY (`country_id`) REFERENCES `countries` (`id`)) (Connection: mysql, SQL: delete from `countries` where `id` = 1) {"userId":1,"exception":"[object] (Illuminate\\Database\\QueryException(code: 23000): SQLSTATE[23000]: Integrity constraint violation: 1451 Cannot delete or update a parent row: a foreign key constraint fails (`ai1_lab9`.`trips`, CONSTRAINT `trips_country_id_foreign` FOREIGN KEY (`country_id`) REFERENCES `countries` (`id`)) (Connection: mysql, SQL: delete from `countries` where `id` = 1) at C:\\Users\\piotr\\Desktop\\Studia\\Semestr 4\\AI1\\Zadania\\Lab9\\Lab9 pliki\\vendor\\laravel\\framework\\src\\Illuminate\\Database\\Connection.php:813)
[stacktrace]
#0 C:\\Users\\piotr\\Desktop\\Studia\\Semestr 4\\AI1\\Zadania\\Lab9\\Lab9 pliki\\vendor\\laravel\\framework\\src\\Illuminate\\Database\\Connection.php(767): Illuminate\\Database\\Connection->runQueryCallback('delete from `co...', Array, Object(Closure))
#1 C:\\Users\\piotr\\Desktop\\Studia\\Semestr 4\\AI1\\Zadania\\Lab9\\Lab9 pliki\\vendor\\laravel\\framework\\src\\Illuminate\\Database\\Connection.php(584): Illuminate\\Database\\Connection->run('delete from `co...', Array, Object(Closure))
#2 C:\\Users\\piotr\\Desktop\\Studia\\Semestr 4\\AI1\\Zadania\\Lab9\\Lab9 pliki\\vendor\\laravel\\framework\\src\\Illuminate\\Database\\Connection.php(548): Illuminate\\Database\\Connection->affectingStatement('delete from `co...', Array)
#3 C:\\Users\\piotr\\Desktop\\Studia\\Semestr 4\\AI1\\Zadania\\Lab9\\Lab9 pliki\\vendor\\laravel\\framework\\src\\Illuminate\\Database\\Query\\Builder.php(3817): Illuminate\\Database\\Connection->delete('delete from `co...', Array)
#4 C:\\Users\\piotr\\Desktop\\Studia\\Semestr 4\\AI1\\Zadania\\Lab9\\Lab9 pliki\\vendor\\laravel\\framework\\src\\Illuminate\\Database\\Eloquent\\Builder.php(1274): Illuminate\\Database\\Query\\Builder->delete()
#5 C:\\Users\\piotr\\Desktop\\Studia\\Semestr 4\\AI1\\Zadania\\Lab9\\Lab9 pliki\\vendor\\laravel\\framework\\src\\Illuminate\\Database\\Eloquent\\Model.php(1467): Illuminate\\Database\\Eloquent\\Builder->delete()
#6 C:\\Users\\piotr\\Desktop\\Studia\\Semestr 4\\AI1\\Zadania\\Lab9\\Lab9 pliki\\vendor\\laravel\\framework\\src\\Illuminate\\Database\\Eloquent\\Model.php(1412): Illuminate\\Database\\Eloquent\\Model->performDeleteOnModel()
#7 C:\\Users\\piotr\\Desktop\\Studia\\Semestr 4\\AI1\\Zadania\\Lab9\\Lab9 pliki\\app\\Http\\Controllers\\CountryController.php(80): Illuminate\\Database\\Eloquent\\Model->delete()
#8 C:\\Users\\piotr\\Desktop\\Studia\\Semestr 4\\AI1\\Zadania\\Lab9\\Lab9 pliki\\vendor\\laravel\\framework\\src\\Illuminate\\Routing\\ControllerDispatcher.php(46): App\\Http\\Controllers\\CountryController->destroy(Object(App\\Models\\Country))
#9 C:\\Users\\piotr\\Desktop\\Studia\\Semestr 4\\AI1\\Zadania\\Lab9\\Lab9 pliki\\vendor\\laravel\\framework\\src\\Illuminate\\Routing\\Route.php(260): Illuminate\\Routing\\ControllerDispatcher->dispatch(Object(Illuminate\\Routing\\Route), Object(App\\Http\\Controllers\\CountryController), 'destroy')
#10 C:\\Users\\piotr\\Desktop\\Studia\\Semestr 4\\AI1\\Zadania\\Lab9\\Lab9 pliki\\vendor\\laravel\\framework\\src\\Illuminate\\Routing\\Route.php(206): Illuminate\\Routing\\Route->runController()
#11 C:\\Users\\piotr\\Desktop\\Studia\\Semestr 4\\AI1\\Zadania\\Lab9\\Lab9 pliki\\vendor\\laravel\\framework\\src\\Illuminate\\Routing\\Router.php(806): Illuminate\\Routing\\Route->run()
#12 C:\\Users\\piotr\\Desktop\\Studia\\Semestr 4\\AI1\\Zadania\\Lab9\\Lab9 pliki\\vendor\\laravel\\framework\\src\\Illuminate\\Pipeline\\Pipeline.php(144): Illuminate\\Routing\\Router->Illuminate\\Routing\\{closure}(Object(Illuminate\\Http\\Request))
#13 C:\\Users\\piotr\\Desktop\\Studia\\Semestr 4\\AI1\\Zadania\\Lab9\\Lab9 pliki\\app\\Http\\Middleware\\LogActivity.php(29): Illuminate\\Pipeline\\Pipeline->Illuminate\\Pipeline\\{closure}(Object(Illuminate\\Http\\Request))
#14 C:\\Users\\piotr\\Desktop\\Studia\\Semestr 4\\AI1\\Zadania\\Lab9\\Lab9 pliki\\vendor\\laravel\\framework\\src\\Illuminate\\Pipeline\\Pipeline.php(183): App\\Http\\Middleware\\LogActivity->handle(Object(Illuminate\\Http\\Request), Object(Closure))
#15 C:\\Users\\piotr\\Desktop\\Studia\\Semestr 4\\AI1\\Zadania\\Lab9\\Lab9 pliki\\vendor\\laravel\\framework\\src\\Illuminate\\Routing\\Middleware\\SubstituteBindings.php(50): Illuminate\\Pipeline\\Pipeline->Illuminate\\Pipeline\\{closure}(Object(Illuminate\\Http\\Request))
#16 C:\\Users\\piotr\\Desktop\\Studia\\Semestr 4\\AI1\\Zadania\\Lab9\\Lab9 pliki\\vendor\\laravel\\framework\\src\\Illuminate\\Pipeline\\Pipeline.php(183): Illuminate\\Routing\\Middleware\\SubstituteBindings->handle(Object(Illuminate\\Http\\Request), Object(Closure))
#17 C:\\Users\\piotr\\Desktop\\Studia\\Semestr 4\\AI1\\Zadania\\Lab9\\Lab9 pliki\\vendor\\laravel\\framework\\src\\Illuminate\\Auth\\Middleware\\Authenticate.php(64): Illuminate\\Pipeline\\Pipeline->Illuminate\\Pipeline\\{closure}(Object(Illuminate\\Http\\Request))
#18 C:\\Users\\piotr\\Desktop\\Studia\\Semestr 4\\AI1\\Zadania\\Lab9\\Lab9 pliki\\vendor\\laravel\\framework\\src\\Illuminate\\Pipeline\\Pipeline.php(183): Illuminate\\Auth\\Middleware\\Authenticate->handle(Object(Illuminate\\Http\\Request), Object(Closure))
#19 C:\\Users\\piotr\\Desktop\\Studia\\Semestr 4\\AI1\\Zadania\\Lab9\\Lab9 pliki\\vendor\\laravel\\framework\\src\\Illuminate\\Foundation\\Http\\Middleware\\VerifyCsrfToken.php(88): Illuminate\\Pipeline\\Pipeline->Illuminate\\Pipeline\\{closure}(Object(Illuminate\\Http\\Request))
#20 C:\\Users\\piotr\\Desktop\\Studia\\Semestr 4\\AI1\\Zadania\\Lab9\\Lab9 pliki\\vendor\\laravel\\framework\\src\\Illuminate\\Pipeline\\Pipeline.php(183): Illuminate\\Foundation\\Http\\Middleware\\VerifyCsrfToken->handle(Object(Illuminate\\Http\\Request), Object(Closure))
#21 C:\\Users\\piotr\\Desktop\\Studia\\Semestr 4\\AI1\\Zadania\\Lab9\\Lab9 pliki\\vendor\\laravel\\framework\\src\\Illuminate\\View\\Middleware\\ShareErrorsFromSession.php(49): Illuminate\\Pipeline\\Pipeline->Illuminate\\Pipeline\\{closure}(Object(Illuminate\\Http\\Request))
#22 C:\\Users\\piotr\\Desktop\\Studia\\Semestr 4\\AI1\\Zadania\\Lab9\\Lab9 pliki\\vendor\\laravel\\framework\\src\\Illuminate\\Pipeline\\Pipeline.php(183): Illuminate\\View\\Middleware\\ShareErrorsFromSession->handle(Object(Illuminate\\Http\\Request), Object(Closure))
#23 C:\\Users\\piotr\\Desktop\\Studia\\Semestr 4\\AI1\\Zadania\\Lab9\\Lab9 pliki\\vendor\\laravel\\framework\\src\\Illuminate\\Session\\Middleware\\StartSession.php(121): Illuminate\\Pipeline\\Pipeline->Illuminate\\Pipeline\\{closure}(Object(Illuminate\\Http\\Request))
#24 C:\\Users\\piotr\\Desktop\\Studia\\Semestr 4\\AI1\\Zadania\\Lab9\\Lab9 pliki\\vendor\\laravel\\framework\\src\\Illuminate\\Session\\Middleware\\StartSession.php(64): Illuminate\\Session\\Middleware\\StartSession->handleStatefulRequest(Object(Illuminate\\Http\\Request), Object(Illuminate\\Session\\Store), Object(Closure))
#25 C:\\Users\\piotr\\Desktop\\Studia\\Semestr 4\\AI1\\Zadania\\Lab9\\Lab9 pliki\\vendor\\laravel\\framework\\src\\Illuminate\\Pipeline\\Pipeline.php(183): Illuminate\\Session\\Middleware\\StartSession->handle(Object(Illuminate\\Http\\Request), Object(Closure))
#26 C:\\Users\\piotr\\Desktop\\Studia\\Semestr 4\\AI1\\Zadania\\Lab9\\Lab9 pliki\\vendor\\laravel\\framework\\src\\Illuminate\\Cookie\\Middleware\\AddQueuedCookiesToResponse.php(37): Illuminate\\Pipeline\\Pipeline->Illuminate\\Pipeline\\{closure}(Object(Illuminate\\Http\\Request))
#27 C:\\Users\\piotr\\Desktop\\Studia\\Semestr 4\\AI1\\Zadania\\Lab9\\Lab9 pliki\\vendor\\laravel\\framework\\src\\Illuminate\\Pipeline\\Pipeline.php(183): Illuminate\\Cookie\\Middleware\\AddQueuedCookiesToResponse->handle(Object(Illuminate\\Http\\Request), Object(Closure))
#28 C:\\Users\\piotr\\Desktop\\Studia\\Semestr 4\\AI1\\Zadania\\Lab9\\Lab9 pliki\\vendor\\laravel\\framework\\src\\Illuminate\\Cookie\\Middleware\\EncryptCookies.php(75): Illuminate\\Pipeline\\Pipeline->Illuminate\\Pipeline\\{closure}(Object(Illuminate\\Http\\Request))
#29 C:\\Users\\piotr\\Desktop\\Studia\\Semestr 4\\AI1\\Zadania\\Lab9\\Lab9 pliki\\vendor\\laravel\\framework\\src\\Illuminate\\Pipeline\\Pipeline.php(183): Illuminate\\Cookie\\Middleware\\EncryptCookies->handle(Object(Illuminate\\Http\\Request), Object(Closure))
#30 C:\\Users\\piotr\\Desktop\\Studia\\Semestr 4\\AI1\\Zadania\\Lab9\\Lab9 pliki\\vendor\\laravel\\framework\\src\\Illuminate\\Pipeline\\Pipeline.php(119): Illuminate\\Pipeline\\Pipeline->Illuminate\\Pipeline\\{closure}(Object(Illuminate\\Http\\Request))
#31 C:\\Users\\piotr\\Desktop\\Studia\\Semestr 4\\AI1\\Zadania\\Lab9\\Lab9 pliki\\vendor\\laravel\\framework\\src\\Illuminate\\Routing\\Router.php(805): Illuminate\\Pipeline\\Pipeline->then(Object(Closure))
#32 C:\\Users\\piotr\\Desktop\\Studia\\Semestr 4\\AI1\\Zadania\\Lab9\\Lab9 pliki\\vendor\\laravel\\framework\\src\\Illuminate\\Routing\\Router.php(784): Illuminate\\Routing\\Router->runRouteWithinStack(Object(Illuminate\\Routing\\Route), Object(Illuminate\\Http\\Request))
#33 C:\\Users\\piotr\\Desktop\\Studia\\Semestr 4\\AI1\\Zadania\\Lab9\\Lab9 pliki\\vendor\\laravel\\framework\\src\\Illuminate\\Routing\\Router.php(748): Illuminate\\Routing\\Router->runRoute(Object(Illuminate\\Http\\Request), Object(Illuminate\\Routing\\Route))
#34 C:\\Users\\piotr\\Desktop\\Studia\\Semestr 4\\AI1\\Zadania\\Lab9\\Lab9 pliki\\vendor\\laravel\\framework\\src\\Illuminate\\Routing\\Router.php(737): Illuminate\\Routing\\Router->dispatchToRoute(Object(Illuminate\\Http\\Request))
#35 C:\\Users\\piotr\\Desktop\\Studia\\Semestr 4\\AI1\\Zadania\\Lab9\\Lab9 pliki\\vendor\\laravel\\framework\\src\\Illuminate\\Foundation\\Http\\Kernel.php(200): Illuminate\\Routing\\Router->dispatch(Object(Illuminate\\Http\\Request))
#36 C:\\Users\\piotr\\Desktop\\Studia\\Semestr 4\\AI1\\Zadania\\Lab9\\Lab9 pliki\\vendor\\laravel\\framework\\src\\Illuminate\\Pipeline\\Pipeline.php(144): Illuminate\\Foundation\\Http\\Kernel->Illuminate\\Foundation\\Http\\{closure}(Object(Illuminate\\Http\\Request))
#37 C:\\Users\\piotr\\Desktop\\Studia\\Semestr 4\\AI1\\Zadania\\Lab9\\Lab9 pliki\\vendor\\barryvdh\\laravel-debugbar\\src\\Middleware\\InjectDebugbar.php(66): Illuminate\\Pipeline\\Pipeline->Illuminate\\Pipeline\\{closure}(Object(Illuminate\\Http\\Request))
#38 C:\\Users\\piotr\\Desktop\\Studia\\Semestr 4\\AI1\\Zadania\\Lab9\\Lab9 pliki\\vendor\\laravel\\framework\\src\\Illuminate\\Pipeline\\Pipeline.php(183): Barryvdh\\Debugbar\\Middleware\\InjectDebugbar->handle(Object(Illuminate\\Http\\Request), Object(Closure))
#39 C:\\Users\\piotr\\Desktop\\Studia\\Semestr 4\\AI1\\Zadania\\Lab9\\Lab9 pliki\\vendor\\laravel\\framework\\src\\Illuminate\\Foundation\\Http\\Middleware\\TransformsRequest.php(21): Illuminate\\Pipeline\\Pipeline->Illuminate\\Pipeline\\{closure}(Object(Illuminate\\Http\\Request))
#40 C:\\Users\\piotr\\Desktop\\Studia\\Semestr 4\\AI1\\Zadania\\Lab9\\Lab9 pliki\\vendor\\laravel\\framework\\src\\Illuminate\\Foundation\\Http\\Middleware\\ConvertEmptyStringsToNull.php(31): Illuminate\\Foundation\\Http\\Middleware\\TransformsRequest->handle(Object(Illuminate\\Http\\Request), Object(Closure))
#41 C:\\Users\\piotr\\Desktop\\Studia\\Semestr 4\\AI1\\Zadania\\Lab9\\Lab9 pliki\\vendor\\laravel\\framework\\src\\Illuminate\\Pipeline\\Pipeline.php(183): Illuminate\\Foundation\\Http\\Middleware\\ConvertEmptyStringsToNull->handle(Object(Illuminate\\Http\\Request), Object(Closure))
#42 C:\\Users\\piotr\\Desktop\\Studia\\Semestr 4\\AI1\\Zadania\\Lab9\\Lab9 pliki\\vendor\\laravel\\framework\\src\\Illuminate\\Foundation\\Http\\Middleware\\TransformsRequest.php(21): Illuminate\\Pipeline\\Pipeline->Illuminate\\Pipeline\\{closure}(Object(Illuminate\\Http\\Request))
#43 C:\\Users\\piotr\\Desktop\\Studia\\Semestr 4\\AI1\\Zadania\\Lab9\\Lab9 pliki\\vendor\\laravel\\framework\\src\\Illuminate\\Foundation\\Http\\Middleware\\TrimStrings.php(50): Illuminate\\Foundation\\Http\\Middleware\\TransformsRequest->handle(Object(Illuminate\\Http\\Request), Object(Closure))
#44 C:\\Users\\piotr\\Desktop\\Studia\\Semestr 4\\AI1\\Zadania\\Lab9\\Lab9 pliki\\vendor\\laravel\\framework\\src\\Illuminate\\Pipeline\\Pipeline.php(183): Illuminate\\Foundation\\Http\\Middleware\\TrimStrings->handle(Object(Illuminate\\Http\\Request), Object(Closure))
#45 C:\\Users\\piotr\\Desktop\\Studia\\Semestr 4\\AI1\\Zadania\\Lab9\\Lab9 pliki\\vendor\\laravel\\framework\\src\\Illuminate\\Http\\Middleware\\ValidatePostSize.php(27): Illuminate\\Pipeline\\Pipeline->Illuminate\\Pipeline\\{closure}(Object(Illuminate\\Http\\Request))
#46 C:\\Users\\piotr\\Desktop\\Studia\\Semestr 4\\AI1\\Zadania\\Lab9\\Lab9 pliki\\vendor\\laravel\\framework\\src\\Illuminate\\Pipeline\\Pipeline.php(183): Illuminate\\Http\\Middleware\\ValidatePostSize->handle(Object(Illuminate\\Http\\Request), Object(Closure))
#47 C:\\Users\\piotr\\Desktop\\Studia\\Semestr 4\\AI1\\Zadania\\Lab9\\Lab9 pliki\\vendor\\laravel\\framework\\src\\Illuminate\\Foundation\\Http\\Middleware\\PreventRequestsDuringMaintenance.php(110): Illuminate\\Pipeline\\Pipeline->Illuminate\\Pipeline\\{closure}(Object(Illuminate\\Http\\Request))
#48 C:\\Users\\piotr\\Desktop\\Studia\\Semestr 4\\AI1\\Zadania\\Lab9\\Lab9 pliki\\vendor\\laravel\\framework\\src\\Illuminate\\Pipeline\\Pipeline.php(183): Illuminate\\Foundation\\Http\\Middleware\\PreventRequestsDuringMaintenance->handle(Object(Illuminate\\Http\\Request), Object(Closure))
#49 C:\\Users\\piotr\\Desktop\\Studia\\Semestr 4\\AI1\\Zadania\\Lab9\\Lab9 pliki\\vendor\\laravel\\framework\\src\\Illuminate\\Http\\Middleware\\HandleCors.php(49): Illuminate\\Pipeline\\Pipeline->Illuminate\\Pipeline\\{closure}(Object(Illuminate\\Http\\Request))
#50 C:\\Users\\piotr\\Desktop\\Studia\\Semestr 4\\AI1\\Zadania\\Lab9\\Lab9 pliki\\vendor\\laravel\\framework\\src\\Illuminate\\Pipeline\\Pipeline.php(183): Illuminate\\Http\\Middleware\\HandleCors->handle(Object(Illuminate\\Http\\Request), Object(Closure))
#51 C:\\Users\\piotr\\Desktop\\Studia\\Semestr 4\\AI1\\Zadania\\Lab9\\Lab9 pliki\\vendor\\laravel\\framework\\src\\Illuminate\\Http\\Middleware\\TrustProxies.php(57): Illuminate\\Pipeline\\Pipeline->Illuminate\\Pipeline\\{closure}(Object(Illuminate\\Http\\Request))
#52 C:\\Users\\piotr\\Desktop\\Studia\\Semestr 4\\AI1\\Zadania\\Lab9\\Lab9 pliki\\vendor\\laravel\\framework\\src\\Illuminate\\Pipeline\\Pipeline.php(183): Illuminate\\Http\\Middleware\\TrustProxies->handle(Object(Illuminate\\Http\\Request), Object(Closure))
#53 C:\\Users\\piotr\\Desktop\\Studia\\Semestr 4\\AI1\\Zadania\\Lab9\\Lab9 pliki\\vendor\\laravel\\framework\\src\\Illuminate\\Pipeline\\Pipeline.php(119): Illuminate\\Pipeline\\Pipeline->Illuminate\\Pipeline\\{closure}(Object(Illuminate\\Http\\Request))
#54 C:\\Users\\piotr\\Desktop\\Studia\\Semestr 4\\AI1\\Zadania\\Lab9\\Lab9 pliki\\vendor\\laravel\\framework\\src\\Illuminate\\Foundation\\Http\\Kernel.php(175): Illuminate\\Pipeline\\Pipeline->then(Object(Closure))
#55 C:\\Users\\piotr\\Desktop\\Studia\\Semestr 4\\AI1\\Zadania\\Lab9\\Lab9 pliki\\vendor\\laravel\\framework\\src\\Illuminate\\Foundation\\Http\\Kernel.php(144): Illuminate\\Foundation\\Http\\Kernel->sendRequestThroughRouter(Object(Illuminate\\Http\\Request))
#56 C:\\Users\\piotr\\Desktop\\Studia\\Semestr 4\\AI1\\Zadania\\Lab9\\Lab9 pliki\\vendor\\laravel\\framework\\src\\Illuminate\\Foundation\\Application.php(1168): Illuminate\\Foundation\\Http\\Kernel->handle(Object(Illuminate\\Http\\Request))
#57 C:\\Users\\piotr\\Desktop\\Studia\\Semestr 4\\AI1\\Zadania\\Lab9\\Lab9 pliki\\public\\index.php(17): Illuminate\\Foundation\\Application->handleRequest(Object(Illuminate\\Http\\Request))
#58 C:\\Users\\piotr\\Desktop\\Studia\\Semestr 4\\AI1\\Zadania\\Lab9\\Lab9 pliki\\vendor\\laravel\\framework\\src\\Illuminate\\Foundation\\resources\\server.php(16): require_once('C:\\\\Users\\\\piotr\\\\...')
#59 {main}

[previous exception] [object] (PDOException(code: 23000): SQLSTATE[23000]: Integrity constraint violation: 1451 Cannot delete or update a parent row: a foreign key constraint fails (`ai1_lab9`.`trips`, CONSTRAINT `trips_country_id_foreign` FOREIGN KEY (`country_id`) REFERENCES `countries` (`id`)) at C:\\Users\\piotr\\Desktop\\Studia\\Semestr 4\\AI1\\Zadania\\Lab9\\Lab9 pliki\\vendor\\laravel\\framework\\src\\Illuminate\\Database\\Connection.php:596)
[stacktrace]
#0 C:\\Users\\piotr\\Desktop\\Studia\\Semestr 4\\AI1\\Zadania\\Lab9\\Lab9 pliki\\vendor\\laravel\\framework\\src\\Illuminate\\Database\\Connection.php(596): PDOStatement->execute()
#1 C:\\Users\\piotr\\Desktop\\Studia\\Semestr 4\\AI1\\Zadania\\Lab9\\Lab9 pliki\\vendor\\laravel\\framework\\src\\Illuminate\\Database\\Connection.php(800): Illuminate\\Database\\Connection->Illuminate\\Database\\{closure}('delete from `co...', Array)
#2 C:\\Users\\piotr\\Desktop\\Studia\\Semestr 4\\AI1\\Zadania\\Lab9\\Lab9 pliki\\vendor\\laravel\\framework\\src\\Illuminate\\Database\\Connection.php(767): Illuminate\\Database\\Connection->runQueryCallback('delete from `co...', Array, Object(Closure))
#3 C:\\Users\\piotr\\Desktop\\Studia\\Semestr 4\\AI1\\Zadania\\Lab9\\Lab9 pliki\\vendor\\laravel\\framework\\src\\Illuminate\\Database\\Connection.php(584): Illuminate\\Database\\Connection->run('delete from `co...', Array, Object(Closure))
#4 C:\\Users\\piotr\\Desktop\\Studia\\Semestr 4\\AI1\\Zadania\\Lab9\\Lab9 pliki\\vendor\\laravel\\framework\\src\\Illuminate\\Database\\Connection.php(548): Illuminate\\Database\\Connection->affectingStatement('delete from `co...', Array)
#5 C:\\Users\\piotr\\Desktop\\Studia\\Semestr 4\\AI1\\Zadania\\Lab9\\Lab9 pliki\\vendor\\laravel\\framework\\src\\Illuminate\\Database\\Query\\Builder.php(3817): Illuminate\\Database\\Connection->delete('delete from `co...', Array)
#6 C:\\Users\\piotr\\Desktop\\Studia\\Semestr 4\\AI1\\Zadania\\Lab9\\Lab9 pliki\\vendor\\laravel\\framework\\src\\Illuminate\\Database\\Eloquent\\Builder.php(1274): Illuminate\\Database\\Query\\Builder->delete()
#7 C:\\Users\\piotr\\Desktop\\Studia\\Semestr 4\\AI1\\Zadania\\Lab9\\Lab9 pliki\\vendor\\laravel\\framework\\src\\Illuminate\\Database\\Eloquent\\Model.php(1467): Illuminate\\Database\\Eloquent\\Builder->delete()
#8 C:\\Users\\piotr\\Desktop\\Studia\\Semestr 4\\AI1\\Zadania\\Lab9\\Lab9 pliki\\vendor\\laravel\\framework\\src\\Illuminate\\Database\\Eloquent\\Model.php(1412): Illuminate\\Database\\Eloquent\\Model->performDeleteOnModel()
#9 C:\\Users\\piotr\\Desktop\\Studia\\Semestr 4\\AI1\\Zadania\\Lab9\\Lab9 pliki\\app\\Http\\Controllers\\CountryController.php(80): Illuminate\\Database\\Eloquent\\Model->delete()
#10 C:\\Users\\piotr\\Desktop\\Studia\\Semestr 4\\AI1\\Zadania\\Lab9\\Lab9 pliki\\vendor\\laravel\\framework\\src\\Illuminate\\Routing\\ControllerDispatcher.php(46): App\\Http\\Controllers\\CountryController->destroy(Object(App\\Models\\Country))
#11 C:\\Users\\piotr\\Desktop\\Studia\\Semestr 4\\AI1\\Zadania\\Lab9\\Lab9 pliki\\vendor\\laravel\\framework\\src\\Illuminate\\Routing\\Route.php(260): Illuminate\\Routing\\ControllerDispatcher->dispatch(Object(Illuminate\\Routing\\Route), Object(App\\Http\\Controllers\\CountryController), 'destroy')
#12 C:\\Users\\piotr\\Desktop\\Studia\\Semestr 4\\AI1\\Zadania\\Lab9\\Lab9 pliki\\vendor\\laravel\\framework\\src\\Illuminate\\Routing\\Route.php(206): Illuminate\\Routing\\Route->runController()
#13 C:\\Users\\piotr\\Desktop\\Studia\\Semestr 4\\AI1\\Zadania\\Lab9\\Lab9 pliki\\vendor\\laravel\\framework\\src\\Illuminate\\Routing\\Router.php(806): Illuminate\\Routing\\Route->run()
#14 C:\\Users\\piotr\\Desktop\\Studia\\Semestr 4\\AI1\\Zadania\\Lab9\\Lab9 pliki\\vendor\\laravel\\framework\\src\\Illuminate\\Pipeline\\Pipeline.php(144): Illuminate\\Routing\\Router->Illuminate\\Routing\\{closure}(Object(Illuminate\\Http\\Request))
#15 C:\\Users\\piotr\\Desktop\\Studia\\Semestr 4\\AI1\\Zadania\\Lab9\\Lab9 pliki\\app\\Http\\Middleware\\LogActivity.php(29): Illuminate\\Pipeline\\Pipeline->Illuminate\\Pipeline\\{closure}(Object(Illuminate\\Http\\Request))
#16 C:\\Users\\piotr\\Desktop\\Studia\\Semestr 4\\AI1\\Zadania\\Lab9\\Lab9 pliki\\vendor\\laravel\\framework\\src\\Illuminate\\Pipeline\\Pipeline.php(183): App\\Http\\Middleware\\LogActivity->handle(Object(Illuminate\\Http\\Request), Object(Closure))
#17 C:\\Users\\piotr\\Desktop\\Studia\\Semestr 4\\AI1\\Zadania\\Lab9\\Lab9 pliki\\vendor\\laravel\\framework\\src\\Illuminate\\Routing\\Middleware\\SubstituteBindings.php(50): Illuminate\\Pipeline\\Pipeline->Illuminate\\Pipeline\\{closure}(Object(Illuminate\\Http\\Request))
#18 C:\\Users\\piotr\\Desktop\\Studia\\Semestr 4\\AI1\\Zadania\\Lab9\\Lab9 pliki\\vendor\\laravel\\framework\\src\\Illuminate\\Pipeline\\Pipeline.php(183): Illuminate\\Routing\\Middleware\\SubstituteBindings->handle(Object(Illuminate\\Http\\Request), Object(Closure))
#19 C:\\Users\\piotr\\Desktop\\Studia\\Semestr 4\\AI1\\Zadania\\Lab9\\Lab9 pliki\\vendor\\laravel\\framework\\src\\Illuminate\\Auth\\Middleware\\Authenticate.php(64): Illuminate\\Pipeline\\Pipeline->Illuminate\\Pipeline\\{closure}(Object(Illuminate\\Http\\Request))
#20 C:\\Users\\piotr\\Desktop\\Studia\\Semestr 4\\AI1\\Zadania\\Lab9\\Lab9 pliki\\vendor\\laravel\\framework\\src\\Illuminate\\Pipeline\\Pipeline.php(183): Illuminate\\Auth\\Middleware\\Authenticate->handle(Object(Illuminate\\Http\\Request), Object(Closure))
#21 C:\\Users\\piotr\\Desktop\\Studia\\Semestr 4\\AI1\\Zadania\\Lab9\\Lab9 pliki\\vendor\\laravel\\framework\\src\\Illuminate\\Foundation\\Http\\Middleware\\VerifyCsrfToken.php(88): Illuminate\\Pipeline\\Pipeline->Illuminate\\Pipeline\\{closure}(Object(Illuminate\\Http\\Request))
#22 C:\\Users\\piotr\\Desktop\\Studia\\Semestr 4\\AI1\\Zadania\\Lab9\\Lab9 pliki\\vendor\\laravel\\framework\\src\\Illuminate\\Pipeline\\Pipeline.php(183): Illuminate\\Foundation\\Http\\Middleware\\VerifyCsrfToken->handle(Object(Illuminate\\Http\\Request), Object(Closure))
#23 C:\\Users\\piotr\\Desktop\\Studia\\Semestr 4\\AI1\\Zadania\\Lab9\\Lab9 pliki\\vendor\\laravel\\framework\\src\\Illuminate\\View\\Middleware\\ShareErrorsFromSession.php(49): Illuminate\\Pipeline\\Pipeline->Illuminate\\Pipeline\\{closure}(Object(Illuminate\\Http\\Request))
#24 C:\\Users\\piotr\\Desktop\\Studia\\Semestr 4\\AI1\\Zadania\\Lab9\\Lab9 pliki\\vendor\\laravel\\framework\\src\\Illuminate\\Pipeline\\Pipeline.php(183): Illuminate\\View\\Middleware\\ShareErrorsFromSession->handle(Object(Illuminate\\Http\\Request), Object(Closure))
#25 C:\\Users\\piotr\\Desktop\\Studia\\Semestr 4\\AI1\\Zadania\\Lab9\\Lab9 pliki\\vendor\\laravel\\framework\\src\\Illuminate\\Session\\Middleware\\StartSession.php(121): Illuminate\\Pipeline\\Pipeline->Illuminate\\Pipeline\\{closure}(Object(Illuminate\\Http\\Request))
#26 C:\\Users\\piotr\\Desktop\\Studia\\Semestr 4\\AI1\\Zadania\\Lab9\\Lab9 pliki\\vendor\\laravel\\framework\\src\\Illuminate\\Session\\Middleware\\StartSession.php(64): Illuminate\\Session\\Middleware\\StartSession->handleStatefulRequest(Object(Illuminate\\Http\\Request), Object(Illuminate\\Session\\Store), Object(Closure))
#27 C:\\Users\\piotr\\Desktop\\Studia\\Semestr 4\\AI1\\Zadania\\Lab9\\Lab9 pliki\\vendor\\laravel\\framework\\src\\Illuminate\\Pipeline\\Pipeline.php(183): Illuminate\\Session\\Middleware\\StartSession->handle(Object(Illuminate\\Http\\Request), Object(Closure))
#28 C:\\Users\\piotr\\Desktop\\Studia\\Semestr 4\\AI1\\Zadania\\Lab9\\Lab9 pliki\\vendor\\laravel\\framework\\src\\Illuminate\\Cookie\\Middleware\\AddQueuedCookiesToResponse.php(37): Illuminate\\Pipeline\\Pipeline->Illuminate\\Pipeline\\{closure}(Object(Illuminate\\Http\\Request))
#29 C:\\Users\\piotr\\Desktop\\Studia\\Semestr 4\\AI1\\Zadania\\Lab9\\Lab9 pliki\\vendor\\laravel\\framework\\src\\Illuminate\\Pipeline\\Pipeline.php(183): Illuminate\\Cookie\\Middleware\\AddQueuedCookiesToResponse->handle(Object(Illuminate\\Http\\Request), Object(Closure))
#30 C:\\Users\\piotr\\Desktop\\Studia\\Semestr 4\\AI1\\Zadania\\Lab9\\Lab9 pliki\\vendor\\laravel\\framework\\src\\Illuminate\\Cookie\\Middleware\\EncryptCookies.php(75): Illuminate\\Pipeline\\Pipeline->Illuminate\\Pipeline\\{closure}(Object(Illuminate\\Http\\Request))
#31 C:\\Users\\piotr\\Desktop\\Studia\\Semestr 4\\AI1\\Zadania\\Lab9\\Lab9 pliki\\vendor\\laravel\\framework\\src\\Illuminate\\Pipeline\\Pipeline.php(183): Illuminate\\Cookie\\Middleware\\EncryptCookies->handle(Object(Illuminate\\Http\\Request), Object(Closure))
#32 C:\\Users\\piotr\\Desktop\\Studia\\Semestr 4\\AI1\\Zadania\\Lab9\\Lab9 pliki\\vendor\\laravel\\framework\\src\\Illuminate\\Pipeline\\Pipeline.php(119): Illuminate\\Pipeline\\Pipeline->Illuminate\\Pipeline\\{closure}(Object(Illuminate\\Http\\Request))
#33 C:\\Users\\piotr\\Desktop\\Studia\\Semestr 4\\AI1\\Zadania\\Lab9\\Lab9 pliki\\vendor\\laravel\\framework\\src\\Illuminate\\Routing\\Router.php(805): Illuminate\\Pipeline\\Pipeline->then(Object(Closure))
#34 C:\\Users\\piotr\\Desktop\\Studia\\Semestr 4\\AI1\\Zadania\\Lab9\\Lab9 pliki\\vendor\\laravel\\framework\\src\\Illuminate\\Routing\\Router.php(784): Illuminate\\Routing\\Router->runRouteWithinStack(Object(Illuminate\\Routing\\Route), Object(Illuminate\\Http\\Request))
#35 C:\\Users\\piotr\\Desktop\\Studia\\Semestr 4\\AI1\\Zadania\\Lab9\\Lab9 pliki\\vendor\\laravel\\framework\\src\\Illuminate\\Routing\\Router.php(748): Illuminate\\Routing\\Router->runRoute(Object(Illuminate\\Http\\Request), Object(Illuminate\\Routing\\Route))
#36 C:\\Users\\piotr\\Desktop\\Studia\\Semestr 4\\AI1\\Zadania\\Lab9\\Lab9 pliki\\vendor\\laravel\\framework\\src\\Illuminate\\Routing\\Router.php(737): Illuminate\\Routing\\Router->dispatchToRoute(Object(Illuminate\\Http\\Request))
#37 C:\\Users\\piotr\\Desktop\\Studia\\Semestr 4\\AI1\\Zadania\\Lab9\\Lab9 pliki\\vendor\\laravel\\framework\\src\\Illuminate\\Foundation\\Http\\Kernel.php(200): Illuminate\\Routing\\Router->dispatch(Object(Illuminate\\Http\\Request))
#38 C:\\Users\\piotr\\Desktop\\Studia\\Semestr 4\\AI1\\Zadania\\Lab9\\Lab9 pliki\\vendor\\laravel\\framework\\src\\Illuminate\\Pipeline\\Pipeline.php(144): Illuminate\\Foundation\\Http\\Kernel->Illuminate\\Foundation\\Http\\{closure}(Object(Illuminate\\Http\\Request))
#39 C:\\Users\\piotr\\Desktop\\Studia\\Semestr 4\\AI1\\Zadania\\Lab9\\Lab9 pliki\\vendor\\barryvdh\\laravel-debugbar\\src\\Middleware\\InjectDebugbar.php(66): Illuminate\\Pipeline\\Pipeline->Illuminate\\Pipeline\\{closure}(Object(Illuminate\\Http\\Request))
#40 C:\\Users\\piotr\\Desktop\\Studia\\Semestr 4\\AI1\\Zadania\\Lab9\\Lab9 pliki\\vendor\\laravel\\framework\\src\\Illuminate\\Pipeline\\Pipeline.php(183): Barryvdh\\Debugbar\\Middleware\\InjectDebugbar->handle(Object(Illuminate\\Http\\Request), Object(Closure))
#41 C:\\Users\\piotr\\Desktop\\Studia\\Semestr 4\\AI1\\Zadania\\Lab9\\Lab9 pliki\\vendor\\laravel\\framework\\src\\Illuminate\\Foundation\\Http\\Middleware\\TransformsRequest.php(21): Illuminate\\Pipeline\\Pipeline->Illuminate\\Pipeline\\{closure}(Object(Illuminate\\Http\\Request))
#42 C:\\Users\\piotr\\Desktop\\Studia\\Semestr 4\\AI1\\Zadania\\Lab9\\Lab9 pliki\\vendor\\laravel\\framework\\src\\Illuminate\\Foundation\\Http\\Middleware\\ConvertEmptyStringsToNull.php(31): Illuminate\\Foundation\\Http\\Middleware\\TransformsRequest->handle(Object(Illuminate\\Http\\Request), Object(Closure))
#43 C:\\Users\\piotr\\Desktop\\Studia\\Semestr 4\\AI1\\Zadania\\Lab9\\Lab9 pliki\\vendor\\laravel\\framework\\src\\Illuminate\\Pipeline\\Pipeline.php(183): Illuminate\\Foundation\\Http\\Middleware\\ConvertEmptyStringsToNull->handle(Object(Illuminate\\Http\\Request), Object(Closure))
#44 C:\\Users\\piotr\\Desktop\\Studia\\Semestr 4\\AI1\\Zadania\\Lab9\\Lab9 pliki\\vendor\\laravel\\framework\\src\\Illuminate\\Foundation\\Http\\Middleware\\TransformsRequest.php(21): Illuminate\\Pipeline\\Pipeline->Illuminate\\Pipeline\\{closure}(Object(Illuminate\\Http\\Request))
#45 C:\\Users\\piotr\\Desktop\\Studia\\Semestr 4\\AI1\\Zadania\\Lab9\\Lab9 pliki\\vendor\\laravel\\framework\\src\\Illuminate\\Foundation\\Http\\Middleware\\TrimStrings.php(50): Illuminate\\Foundation\\Http\\Middleware\\TransformsRequest->handle(Object(Illuminate\\Http\\Request), Object(Closure))
#46 C:\\Users\\piotr\\Desktop\\Studia\\Semestr 4\\AI1\\Zadania\\Lab9\\Lab9 pliki\\vendor\\laravel\\framework\\src\\Illuminate\\Pipeline\\Pipeline.php(183): Illuminate\\Foundation\\Http\\Middleware\\TrimStrings->handle(Object(Illuminate\\Http\\Request), Object(Closure))
#47 C:\\Users\\piotr\\Desktop\\Studia\\Semestr 4\\AI1\\Zadania\\Lab9\\Lab9 pliki\\vendor\\laravel\\framework\\src\\Illuminate\\Http\\Middleware\\ValidatePostSize.php(27): Illuminate\\Pipeline\\Pipeline->Illuminate\\Pipeline\\{closure}(Object(Illuminate\\Http\\Request))
#48 C:\\Users\\piotr\\Desktop\\Studia\\Semestr 4\\AI1\\Zadania\\Lab9\\Lab9 pliki\\vendor\\laravel\\framework\\src\\Illuminate\\Pipeline\\Pipeline.php(183): Illuminate\\Http\\Middleware\\ValidatePostSize->handle(Object(Illuminate\\Http\\Request), Object(Closure))
#49 C:\\Users\\piotr\\Desktop\\Studia\\Semestr 4\\AI1\\Zadania\\Lab9\\Lab9 pliki\\vendor\\laravel\\framework\\src\\Illuminate\\Foundation\\Http\\Middleware\\PreventRequestsDuringMaintenance.php(110): Illuminate\\Pipeline\\Pipeline->Illuminate\\Pipeline\\{closure}(Object(Illuminate\\Http\\Request))
#50 C:\\Users\\piotr\\Desktop\\Studia\\Semestr 4\\AI1\\Zadania\\Lab9\\Lab9 pliki\\vendor\\laravel\\framework\\src\\Illuminate\\Pipeline\\Pipeline.php(183): Illuminate\\Foundation\\Http\\Middleware\\PreventRequestsDuringMaintenance->handle(Object(Illuminate\\Http\\Request), Object(Closure))
#51 C:\\Users\\piotr\\Desktop\\Studia\\Semestr 4\\AI1\\Zadania\\Lab9\\Lab9 pliki\\vendor\\laravel\\framework\\src\\Illuminate\\Http\\Middleware\\HandleCors.php(49): Illuminate\\Pipeline\\Pipeline->Illuminate\\Pipeline\\{closure}(Object(Illuminate\\Http\\Request))
#52 C:\\Users\\piotr\\Desktop\\Studia\\Semestr 4\\AI1\\Zadania\\Lab9\\Lab9 pliki\\vendor\\laravel\\framework\\src\\Illuminate\\Pipeline\\Pipeline.php(183): Illuminate\\Http\\Middleware\\HandleCors->handle(Object(Illuminate\\Http\\Request), Object(Closure))
#53 C:\\Users\\piotr\\Desktop\\Studia\\Semestr 4\\AI1\\Zadania\\Lab9\\Lab9 pliki\\vendor\\laravel\\framework\\src\\Illuminate\\Http\\Middleware\\TrustProxies.php(57): Illuminate\\Pipeline\\Pipeline->Illuminate\\Pipeline\\{closure}(Object(Illuminate\\Http\\Request))
#54 C:\\Users\\piotr\\Desktop\\Studia\\Semestr 4\\AI1\\Zadania\\Lab9\\Lab9 pliki\\vendor\\laravel\\framework\\src\\Illuminate\\Pipeline\\Pipeline.php(183): Illuminate\\Http\\Middleware\\TrustProxies->handle(Object(Illuminate\\Http\\Request), Object(Closure))
#55 C:\\Users\\piotr\\Desktop\\Studia\\Semestr 4\\AI1\\Zadania\\Lab9\\Lab9 pliki\\vendor\\laravel\\framework\\src\\Illuminate\\Pipeline\\Pipeline.php(119): Illuminate\\Pipeline\\Pipeline->Illuminate\\Pipeline\\{closure}(Object(Illuminate\\Http\\Request))
#56 C:\\Users\\piotr\\Desktop\\Studia\\Semestr 4\\AI1\\Zadania\\Lab9\\Lab9 pliki\\vendor\\laravel\\framework\\src\\Illuminate\\Foundation\\Http\\Kernel.php(175): Illuminate\\Pipeline\\Pipeline->then(Object(Closure))
#57 C:\\Users\\piotr\\Desktop\\Studia\\Semestr 4\\AI1\\Zadania\\Lab9\\Lab9 pliki\\vendor\\laravel\\framework\\src\\Illuminate\\Foundation\\Http\\Kernel.php(144): Illuminate\\Foundation\\Http\\Kernel->sendRequestThroughRouter(Object(Illuminate\\Http\\Request))
#58 C:\\Users\\piotr\\Desktop\\Studia\\Semestr 4\\AI1\\Zadania\\Lab9\\Lab9 pliki\\vendor\\laravel\\framework\\src\\Illuminate\\Foundation\\Application.php(1168): Illuminate\\Foundation\\Http\\Kernel->handle(Object(Illuminate\\Http\\Request))
#59 C:\\Users\\piotr\\Desktop\\Studia\\Semestr 4\\AI1\\Zadania\\Lab9\\Lab9 pliki\\public\\index.php(17): Illuminate\\Foundation\\Application->handleRequest(Object(Illuminate\\Http\\Request))
#60 C:\\Users\\piotr\\Desktop\\Studia\\Semestr 4\\AI1\\Zadania\\Lab9\\Lab9 pliki\\vendor\\laravel\\framework\\src\\Illuminate\\Foundation\\resources\\server.php(16): require_once('C:\\\\Users\\\\piotr\\\\...')
#61 {main}
"} 
[2024-07-14 12:53:24] local.NOTICE: 'jan@email.com' did GET on '/countries'  
[2024-07-14 12:54:48] local.NOTICE: 'jan@email.com' did DELETE on '/countries/1'  
[2024-07-14 12:54:48] local.ERROR: SQLSTATE[23000]: Integrity constraint violation: 1451 Cannot delete or update a parent row: a foreign key constraint fails (`ai1_lab9`.`trips`, CONSTRAINT `trips_country_id_foreign` FOREIGN KEY (`country_id`) REFERENCES `countries` (`id`)) (Connection: mysql, SQL: delete from `countries` where `id` = 1) {"userId":1,"exception":"[object] (Illuminate\\Database\\QueryException(code: 23000): SQLSTATE[23000]: Integrity constraint violation: 1451 Cannot delete or update a parent row: a foreign key constraint fails (`ai1_lab9`.`trips`, CONSTRAINT `trips_country_id_foreign` FOREIGN KEY (`country_id`) REFERENCES `countries` (`id`)) (Connection: mysql, SQL: delete from `countries` where `id` = 1) at C:\\Users\\piotr\\Desktop\\Studia\\Semestr 4\\AI1\\Zadania\\Lab9\\Lab9 pliki\\vendor\\laravel\\framework\\src\\Illuminate\\Database\\Connection.php:813)
[stacktrace]
#0 C:\\Users\\piotr\\Desktop\\Studia\\Semestr 4\\AI1\\Zadania\\Lab9\\Lab9 pliki\\vendor\\laravel\\framework\\src\\Illuminate\\Database\\Connection.php(767): Illuminate\\Database\\Connection->runQueryCallback('delete from `co...', Array, Object(Closure))
#1 C:\\Users\\piotr\\Desktop\\Studia\\Semestr 4\\AI1\\Zadania\\Lab9\\Lab9 pliki\\vendor\\laravel\\framework\\src\\Illuminate\\Database\\Connection.php(584): Illuminate\\Database\\Connection->run('delete from `co...', Array, Object(Closure))
#2 C:\\Users\\piotr\\Desktop\\Studia\\Semestr 4\\AI1\\Zadania\\Lab9\\Lab9 pliki\\vendor\\laravel\\framework\\src\\Illuminate\\Database\\Connection.php(548): Illuminate\\Database\\Connection->affectingStatement('delete from `co...', Array)
#3 C:\\Users\\piotr\\Desktop\\Studia\\Semestr 4\\AI1\\Zadania\\Lab9\\Lab9 pliki\\vendor\\laravel\\framework\\src\\Illuminate\\Database\\Query\\Builder.php(3817): Illuminate\\Database\\Connection->delete('delete from `co...', Array)
#4 C:\\Users\\piotr\\Desktop\\Studia\\Semestr 4\\AI1\\Zadania\\Lab9\\Lab9 pliki\\vendor\\laravel\\framework\\src\\Illuminate\\Database\\Eloquent\\Builder.php(1274): Illuminate\\Database\\Query\\Builder->delete()
#5 C:\\Users\\piotr\\Desktop\\Studia\\Semestr 4\\AI1\\Zadania\\Lab9\\Lab9 pliki\\vendor\\laravel\\framework\\src\\Illuminate\\Database\\Eloquent\\Model.php(1467): Illuminate\\Database\\Eloquent\\Builder->delete()
#6 C:\\Users\\piotr\\Desktop\\Studia\\Semestr 4\\AI1\\Zadania\\Lab9\\Lab9 pliki\\vendor\\laravel\\framework\\src\\Illuminate\\Database\\Eloquent\\Model.php(1412): Illuminate\\Database\\Eloquent\\Model->performDeleteOnModel()
#7 C:\\Users\\piotr\\Desktop\\Studia\\Semestr 4\\AI1\\Zadania\\Lab9\\Lab9 pliki\\app\\Http\\Controllers\\CountryController.php(80): Illuminate\\Database\\Eloquent\\Model->delete()
#8 C:\\Users\\piotr\\Desktop\\Studia\\Semestr 4\\AI1\\Zadania\\Lab9\\Lab9 pliki\\vendor\\laravel\\framework\\src\\Illuminate\\Routing\\ControllerDispatcher.php(46): App\\Http\\Controllers\\CountryController->destroy(Object(App\\Models\\Country))
#9 C:\\Users\\piotr\\Desktop\\Studia\\Semestr 4\\AI1\\Zadania\\Lab9\\Lab9 pliki\\vendor\\laravel\\framework\\src\\Illuminate\\Routing\\Route.php(260): Illuminate\\Routing\\ControllerDispatcher->dispatch(Object(Illuminate\\Routing\\Route), Object(App\\Http\\Controllers\\CountryController), 'destroy')
#10 C:\\Users\\piotr\\Desktop\\Studia\\Semestr 4\\AI1\\Zadania\\Lab9\\Lab9 pliki\\vendor\\laravel\\framework\\src\\Illuminate\\Routing\\Route.php(206): Illuminate\\Routing\\Route->runController()
#11 C:\\Users\\piotr\\Desktop\\Studia\\Semestr 4\\AI1\\Zadania\\Lab9\\Lab9 pliki\\vendor\\laravel\\framework\\src\\Illuminate\\Routing\\Router.php(806): Illuminate\\Routing\\Route->run()
#12 C:\\Users\\piotr\\Desktop\\Studia\\Semestr 4\\AI1\\Zadania\\Lab9\\Lab9 pliki\\vendor\\laravel\\framework\\src\\Illuminate\\Pipeline\\Pipeline.php(144): Illuminate\\Routing\\Router->Illuminate\\Routing\\{closure}(Object(Illuminate\\Http\\Request))
#13 C:\\Users\\piotr\\Desktop\\Studia\\Semestr 4\\AI1\\Zadania\\Lab9\\Lab9 pliki\\app\\Http\\Middleware\\LogActivity.php(29): Illuminate\\Pipeline\\Pipeline->Illuminate\\Pipeline\\{closure}(Object(Illuminate\\Http\\Request))
#14 C:\\Users\\piotr\\Desktop\\Studia\\Semestr 4\\AI1\\Zadania\\Lab9\\Lab9 pliki\\vendor\\laravel\\framework\\src\\Illuminate\\Pipeline\\Pipeline.php(183): App\\Http\\Middleware\\LogActivity->handle(Object(Illuminate\\Http\\Request), Object(Closure))
#15 C:\\Users\\piotr\\Desktop\\Studia\\Semestr 4\\AI1\\Zadania\\Lab9\\Lab9 pliki\\vendor\\laravel\\framework\\src\\Illuminate\\Routing\\Middleware\\SubstituteBindings.php(50): Illuminate\\Pipeline\\Pipeline->Illuminate\\Pipeline\\{closure}(Object(Illuminate\\Http\\Request))
#16 C:\\Users\\piotr\\Desktop\\Studia\\Semestr 4\\AI1\\Zadania\\Lab9\\Lab9 pliki\\vendor\\laravel\\framework\\src\\Illuminate\\Pipeline\\Pipeline.php(183): Illuminate\\Routing\\Middleware\\SubstituteBindings->handle(Object(Illuminate\\Http\\Request), Object(Closure))
#17 C:\\Users\\piotr\\Desktop\\Studia\\Semestr 4\\AI1\\Zadania\\Lab9\\Lab9 pliki\\vendor\\laravel\\framework\\src\\Illuminate\\Auth\\Middleware\\Authenticate.php(64): Illuminate\\Pipeline\\Pipeline->Illuminate\\Pipeline\\{closure}(Object(Illuminate\\Http\\Request))
#18 C:\\Users\\piotr\\Desktop\\Studia\\Semestr 4\\AI1\\Zadania\\Lab9\\Lab9 pliki\\vendor\\laravel\\framework\\src\\Illuminate\\Pipeline\\Pipeline.php(183): Illuminate\\Auth\\Middleware\\Authenticate->handle(Object(Illuminate\\Http\\Request), Object(Closure))
#19 C:\\Users\\piotr\\Desktop\\Studia\\Semestr 4\\AI1\\Zadania\\Lab9\\Lab9 pliki\\vendor\\laravel\\framework\\src\\Illuminate\\Foundation\\Http\\Middleware\\VerifyCsrfToken.php(88): Illuminate\\Pipeline\\Pipeline->Illuminate\\Pipeline\\{closure}(Object(Illuminate\\Http\\Request))
#20 C:\\Users\\piotr\\Desktop\\Studia\\Semestr 4\\AI1\\Zadania\\Lab9\\Lab9 pliki\\vendor\\laravel\\framework\\src\\Illuminate\\Pipeline\\Pipeline.php(183): Illuminate\\Foundation\\Http\\Middleware\\VerifyCsrfToken->handle(Object(Illuminate\\Http\\Request), Object(Closure))
#21 C:\\Users\\piotr\\Desktop\\Studia\\Semestr 4\\AI1\\Zadania\\Lab9\\Lab9 pliki\\vendor\\laravel\\framework\\src\\Illuminate\\View\\Middleware\\ShareErrorsFromSession.php(49): Illuminate\\Pipeline\\Pipeline->Illuminate\\Pipeline\\{closure}(Object(Illuminate\\Http\\Request))
#22 C:\\Users\\piotr\\Desktop\\Studia\\Semestr 4\\AI1\\Zadania\\Lab9\\Lab9 pliki\\vendor\\laravel\\framework\\src\\Illuminate\\Pipeline\\Pipeline.php(183): Illuminate\\View\\Middleware\\ShareErrorsFromSession->handle(Object(Illuminate\\Http\\Request), Object(Closure))
#23 C:\\Users\\piotr\\Desktop\\Studia\\Semestr 4\\AI1\\Zadania\\Lab9\\Lab9 pliki\\vendor\\laravel\\framework\\src\\Illuminate\\Session\\Middleware\\StartSession.php(121): Illuminate\\Pipeline\\Pipeline->Illuminate\\Pipeline\\{closure}(Object(Illuminate\\Http\\Request))
#24 C:\\Users\\piotr\\Desktop\\Studia\\Semestr 4\\AI1\\Zadania\\Lab9\\Lab9 pliki\\vendor\\laravel\\framework\\src\\Illuminate\\Session\\Middleware\\StartSession.php(64): Illuminate\\Session\\Middleware\\StartSession->handleStatefulRequest(Object(Illuminate\\Http\\Request), Object(Illuminate\\Session\\Store), Object(Closure))
#25 C:\\Users\\piotr\\Desktop\\Studia\\Semestr 4\\AI1\\Zadania\\Lab9\\Lab9 pliki\\vendor\\laravel\\framework\\src\\Illuminate\\Pipeline\\Pipeline.php(183): Illuminate\\Session\\Middleware\\StartSession->handle(Object(Illuminate\\Http\\Request), Object(Closure))
#26 C:\\Users\\piotr\\Desktop\\Studia\\Semestr 4\\AI1\\Zadania\\Lab9\\Lab9 pliki\\vendor\\laravel\\framework\\src\\Illuminate\\Cookie\\Middleware\\AddQueuedCookiesToResponse.php(37): Illuminate\\Pipeline\\Pipeline->Illuminate\\Pipeline\\{closure}(Object(Illuminate\\Http\\Request))
#27 C:\\Users\\piotr\\Desktop\\Studia\\Semestr 4\\AI1\\Zadania\\Lab9\\Lab9 pliki\\vendor\\laravel\\framework\\src\\Illuminate\\Pipeline\\Pipeline.php(183): Illuminate\\Cookie\\Middleware\\AddQueuedCookiesToResponse->handle(Object(Illuminate\\Http\\Request), Object(Closure))
#28 C:\\Users\\piotr\\Desktop\\Studia\\Semestr 4\\AI1\\Zadania\\Lab9\\Lab9 pliki\\vendor\\laravel\\framework\\src\\Illuminate\\Cookie\\Middleware\\EncryptCookies.php(75): Illuminate\\Pipeline\\Pipeline->Illuminate\\Pipeline\\{closure}(Object(Illuminate\\Http\\Request))
#29 C:\\Users\\piotr\\Desktop\\Studia\\Semestr 4\\AI1\\Zadania\\Lab9\\Lab9 pliki\\vendor\\laravel\\framework\\src\\Illuminate\\Pipeline\\Pipeline.php(183): Illuminate\\Cookie\\Middleware\\EncryptCookies->handle(Object(Illuminate\\Http\\Request), Object(Closure))
#30 C:\\Users\\piotr\\Desktop\\Studia\\Semestr 4\\AI1\\Zadania\\Lab9\\Lab9 pliki\\vendor\\laravel\\framework\\src\\Illuminate\\Pipeline\\Pipeline.php(119): Illuminate\\Pipeline\\Pipeline->Illuminate\\Pipeline\\{closure}(Object(Illuminate\\Http\\Request))
#31 C:\\Users\\piotr\\Desktop\\Studia\\Semestr 4\\AI1\\Zadania\\Lab9\\Lab9 pliki\\vendor\\laravel\\framework\\src\\Illuminate\\Routing\\Router.php(805): Illuminate\\Pipeline\\Pipeline->then(Object(Closure))
#32 C:\\Users\\piotr\\Desktop\\Studia\\Semestr 4\\AI1\\Zadania\\Lab9\\Lab9 pliki\\vendor\\laravel\\framework\\src\\Illuminate\\Routing\\Router.php(784): Illuminate\\Routing\\Router->runRouteWithinStack(Object(Illuminate\\Routing\\Route), Object(Illuminate\\Http\\Request))
#33 C:\\Users\\piotr\\Desktop\\Studia\\Semestr 4\\AI1\\Zadania\\Lab9\\Lab9 pliki\\vendor\\laravel\\framework\\src\\Illuminate\\Routing\\Router.php(748): Illuminate\\Routing\\Router->runRoute(Object(Illuminate\\Http\\Request), Object(Illuminate\\Routing\\Route))
#34 C:\\Users\\piotr\\Desktop\\Studia\\Semestr 4\\AI1\\Zadania\\Lab9\\Lab9 pliki\\vendor\\laravel\\framework\\src\\Illuminate\\Routing\\Router.php(737): Illuminate\\Routing\\Router->dispatchToRoute(Object(Illuminate\\Http\\Request))
#35 C:\\Users\\piotr\\Desktop\\Studia\\Semestr 4\\AI1\\Zadania\\Lab9\\Lab9 pliki\\vendor\\laravel\\framework\\src\\Illuminate\\Foundation\\Http\\Kernel.php(200): Illuminate\\Routing\\Router->dispatch(Object(Illuminate\\Http\\Request))
#36 C:\\Users\\piotr\\Desktop\\Studia\\Semestr 4\\AI1\\Zadania\\Lab9\\Lab9 pliki\\vendor\\laravel\\framework\\src\\Illuminate\\Pipeline\\Pipeline.php(144): Illuminate\\Foundation\\Http\\Kernel->Illuminate\\Foundation\\Http\\{closure}(Object(Illuminate\\Http\\Request))
#37 C:\\Users\\piotr\\Desktop\\Studia\\Semestr 4\\AI1\\Zadania\\Lab9\\Lab9 pliki\\vendor\\barryvdh\\laravel-debugbar\\src\\Middleware\\InjectDebugbar.php(66): Illuminate\\Pipeline\\Pipeline->Illuminate\\Pipeline\\{closure}(Object(Illuminate\\Http\\Request))
#38 C:\\Users\\piotr\\Desktop\\Studia\\Semestr 4\\AI1\\Zadania\\Lab9\\Lab9 pliki\\vendor\\laravel\\framework\\src\\Illuminate\\Pipeline\\Pipeline.php(183): Barryvdh\\Debugbar\\Middleware\\InjectDebugbar->handle(Object(Illuminate\\Http\\Request), Object(Closure))
#39 C:\\Users\\piotr\\Desktop\\Studia\\Semestr 4\\AI1\\Zadania\\Lab9\\Lab9 pliki\\vendor\\laravel\\framework\\src\\Illuminate\\Foundation\\Http\\Middleware\\TransformsRequest.php(21): Illuminate\\Pipeline\\Pipeline->Illuminate\\Pipeline\\{closure}(Object(Illuminate\\Http\\Request))
#40 C:\\Users\\piotr\\Desktop\\Studia\\Semestr 4\\AI1\\Zadania\\Lab9\\Lab9 pliki\\vendor\\laravel\\framework\\src\\Illuminate\\Foundation\\Http\\Middleware\\ConvertEmptyStringsToNull.php(31): Illuminate\\Foundation\\Http\\Middleware\\TransformsRequest->handle(Object(Illuminate\\Http\\Request), Object(Closure))
#41 C:\\Users\\piotr\\Desktop\\Studia\\Semestr 4\\AI1\\Zadania\\Lab9\\Lab9 pliki\\vendor\\laravel\\framework\\src\\Illuminate\\Pipeline\\Pipeline.php(183): Illuminate\\Foundation\\Http\\Middleware\\ConvertEmptyStringsToNull->handle(Object(Illuminate\\Http\\Request), Object(Closure))
#42 C:\\Users\\piotr\\Desktop\\Studia\\Semestr 4\\AI1\\Zadania\\Lab9\\Lab9 pliki\\vendor\\laravel\\framework\\src\\Illuminate\\Foundation\\Http\\Middleware\\TransformsRequest.php(21): Illuminate\\Pipeline\\Pipeline->Illuminate\\Pipeline\\{closure}(Object(Illuminate\\Http\\Request))
#43 C:\\Users\\piotr\\Desktop\\Studia\\Semestr 4\\AI1\\Zadania\\Lab9\\Lab9 pliki\\vendor\\laravel\\framework\\src\\Illuminate\\Foundation\\Http\\Middleware\\TrimStrings.php(50): Illuminate\\Foundation\\Http\\Middleware\\TransformsRequest->handle(Object(Illuminate\\Http\\Request), Object(Closure))
#44 C:\\Users\\piotr\\Desktop\\Studia\\Semestr 4\\AI1\\Zadania\\Lab9\\Lab9 pliki\\vendor\\laravel\\framework\\src\\Illuminate\\Pipeline\\Pipeline.php(183): Illuminate\\Foundation\\Http\\Middleware\\TrimStrings->handle(Object(Illuminate\\Http\\Request), Object(Closure))
#45 C:\\Users\\piotr\\Desktop\\Studia\\Semestr 4\\AI1\\Zadania\\Lab9\\Lab9 pliki\\vendor\\laravel\\framework\\src\\Illuminate\\Http\\Middleware\\ValidatePostSize.php(27): Illuminate\\Pipeline\\Pipeline->Illuminate\\Pipeline\\{closure}(Object(Illuminate\\Http\\Request))
#46 C:\\Users\\piotr\\Desktop\\Studia\\Semestr 4\\AI1\\Zadania\\Lab9\\Lab9 pliki\\vendor\\laravel\\framework\\src\\Illuminate\\Pipeline\\Pipeline.php(183): Illuminate\\Http\\Middleware\\ValidatePostSize->handle(Object(Illuminate\\Http\\Request), Object(Closure))
#47 C:\\Users\\piotr\\Desktop\\Studia\\Semestr 4\\AI1\\Zadania\\Lab9\\Lab9 pliki\\vendor\\laravel\\framework\\src\\Illuminate\\Foundation\\Http\\Middleware\\PreventRequestsDuringMaintenance.php(110): Illuminate\\Pipeline\\Pipeline->Illuminate\\Pipeline\\{closure}(Object(Illuminate\\Http\\Request))
#48 C:\\Users\\piotr\\Desktop\\Studia\\Semestr 4\\AI1\\Zadania\\Lab9\\Lab9 pliki\\vendor\\laravel\\framework\\src\\Illuminate\\Pipeline\\Pipeline.php(183): Illuminate\\Foundation\\Http\\Middleware\\PreventRequestsDuringMaintenance->handle(Object(Illuminate\\Http\\Request), Object(Closure))
#49 C:\\Users\\piotr\\Desktop\\Studia\\Semestr 4\\AI1\\Zadania\\Lab9\\Lab9 pliki\\vendor\\laravel\\framework\\src\\Illuminate\\Http\\Middleware\\HandleCors.php(49): Illuminate\\Pipeline\\Pipeline->Illuminate\\Pipeline\\{closure}(Object(Illuminate\\Http\\Request))
#50 C:\\Users\\piotr\\Desktop\\Studia\\Semestr 4\\AI1\\Zadania\\Lab9\\Lab9 pliki\\vendor\\laravel\\framework\\src\\Illuminate\\Pipeline\\Pipeline.php(183): Illuminate\\Http\\Middleware\\HandleCors->handle(Object(Illuminate\\Http\\Request), Object(Closure))
#51 C:\\Users\\piotr\\Desktop\\Studia\\Semestr 4\\AI1\\Zadania\\Lab9\\Lab9 pliki\\vendor\\laravel\\framework\\src\\Illuminate\\Http\\Middleware\\TrustProxies.php(57): Illuminate\\Pipeline\\Pipeline->Illuminate\\Pipeline\\{closure}(Object(Illuminate\\Http\\Request))
#52 C:\\Users\\piotr\\Desktop\\Studia\\Semestr 4\\AI1\\Zadania\\Lab9\\Lab9 pliki\\vendor\\laravel\\framework\\src\\Illuminate\\Pipeline\\Pipeline.php(183): Illuminate\\Http\\Middleware\\TrustProxies->handle(Object(Illuminate\\Http\\Request), Object(Closure))
#53 C:\\Users\\piotr\\Desktop\\Studia\\Semestr 4\\AI1\\Zadania\\Lab9\\Lab9 pliki\\vendor\\laravel\\framework\\src\\Illuminate\\Pipeline\\Pipeline.php(119): Illuminate\\Pipeline\\Pipeline->Illuminate\\Pipeline\\{closure}(Object(Illuminate\\Http\\Request))
#54 C:\\Users\\piotr\\Desktop\\Studia\\Semestr 4\\AI1\\Zadania\\Lab9\\Lab9 pliki\\vendor\\laravel\\framework\\src\\Illuminate\\Foundation\\Http\\Kernel.php(175): Illuminate\\Pipeline\\Pipeline->then(Object(Closure))
#55 C:\\Users\\piotr\\Desktop\\Studia\\Semestr 4\\AI1\\Zadania\\Lab9\\Lab9 pliki\\vendor\\laravel\\framework\\src\\Illuminate\\Foundation\\Http\\Kernel.php(144): Illuminate\\Foundation\\Http\\Kernel->sendRequestThroughRouter(Object(Illuminate\\Http\\Request))
#56 C:\\Users\\piotr\\Desktop\\Studia\\Semestr 4\\AI1\\Zadania\\Lab9\\Lab9 pliki\\vendor\\laravel\\framework\\src\\Illuminate\\Foundation\\Application.php(1168): Illuminate\\Foundation\\Http\\Kernel->handle(Object(Illuminate\\Http\\Request))
#57 C:\\Users\\piotr\\Desktop\\Studia\\Semestr 4\\AI1\\Zadania\\Lab9\\Lab9 pliki\\public\\index.php(17): Illuminate\\Foundation\\Application->handleRequest(Object(Illuminate\\Http\\Request))
#58 C:\\Users\\piotr\\Desktop\\Studia\\Semestr 4\\AI1\\Zadania\\Lab9\\Lab9 pliki\\vendor\\laravel\\framework\\src\\Illuminate\\Foundation\\resources\\server.php(16): require_once('C:\\\\Users\\\\piotr\\\\...')
#59 {main}

[previous exception] [object] (PDOException(code: 23000): SQLSTATE[23000]: Integrity constraint violation: 1451 Cannot delete or update a parent row: a foreign key constraint fails (`ai1_lab9`.`trips`, CONSTRAINT `trips_country_id_foreign` FOREIGN KEY (`country_id`) REFERENCES `countries` (`id`)) at C:\\Users\\piotr\\Desktop\\Studia\\Semestr 4\\AI1\\Zadania\\Lab9\\Lab9 pliki\\vendor\\laravel\\framework\\src\\Illuminate\\Database\\Connection.php:596)
[stacktrace]
#0 C:\\Users\\piotr\\Desktop\\Studia\\Semestr 4\\AI1\\Zadania\\Lab9\\Lab9 pliki\\vendor\\laravel\\framework\\src\\Illuminate\\Database\\Connection.php(596): PDOStatement->execute()
#1 C:\\Users\\piotr\\Desktop\\Studia\\Semestr 4\\AI1\\Zadania\\Lab9\\Lab9 pliki\\vendor\\laravel\\framework\\src\\Illuminate\\Database\\Connection.php(800): Illuminate\\Database\\Connection->Illuminate\\Database\\{closure}('delete from `co...', Array)
#2 C:\\Users\\piotr\\Desktop\\Studia\\Semestr 4\\AI1\\Zadania\\Lab9\\Lab9 pliki\\vendor\\laravel\\framework\\src\\Illuminate\\Database\\Connection.php(767): Illuminate\\Database\\Connection->runQueryCallback('delete from `co...', Array, Object(Closure))
#3 C:\\Users\\piotr\\Desktop\\Studia\\Semestr 4\\AI1\\Zadania\\Lab9\\Lab9 pliki\\vendor\\laravel\\framework\\src\\Illuminate\\Database\\Connection.php(584): Illuminate\\Database\\Connection->run('delete from `co...', Array, Object(Closure))
#4 C:\\Users\\piotr\\Desktop\\Studia\\Semestr 4\\AI1\\Zadania\\Lab9\\Lab9 pliki\\vendor\\laravel\\framework\\src\\Illuminate\\Database\\Connection.php(548): Illuminate\\Database\\Connection->affectingStatement('delete from `co...', Array)
#5 C:\\Users\\piotr\\Desktop\\Studia\\Semestr 4\\AI1\\Zadania\\Lab9\\Lab9 pliki\\vendor\\laravel\\framework\\src\\Illuminate\\Database\\Query\\Builder.php(3817): Illuminate\\Database\\Connection->delete('delete from `co...', Array)
#6 C:\\Users\\piotr\\Desktop\\Studia\\Semestr 4\\AI1\\Zadania\\Lab9\\Lab9 pliki\\vendor\\laravel\\framework\\src\\Illuminate\\Database\\Eloquent\\Builder.php(1274): Illuminate\\Database\\Query\\Builder->delete()
#7 C:\\Users\\piotr\\Desktop\\Studia\\Semestr 4\\AI1\\Zadania\\Lab9\\Lab9 pliki\\vendor\\laravel\\framework\\src\\Illuminate\\Database\\Eloquent\\Model.php(1467): Illuminate\\Database\\Eloquent\\Builder->delete()
#8 C:\\Users\\piotr\\Desktop\\Studia\\Semestr 4\\AI1\\Zadania\\Lab9\\Lab9 pliki\\vendor\\laravel\\framework\\src\\Illuminate\\Database\\Eloquent\\Model.php(1412): Illuminate\\Database\\Eloquent\\Model->performDeleteOnModel()
#9 C:\\Users\\piotr\\Desktop\\Studia\\Semestr 4\\AI1\\Zadania\\Lab9\\Lab9 pliki\\app\\Http\\Controllers\\CountryController.php(80): Illuminate\\Database\\Eloquent\\Model->delete()
#10 C:\\Users\\piotr\\Desktop\\Studia\\Semestr 4\\AI1\\Zadania\\Lab9\\Lab9 pliki\\vendor\\laravel\\framework\\src\\Illuminate\\Routing\\ControllerDispatcher.php(46): App\\Http\\Controllers\\CountryController->destroy(Object(App\\Models\\Country))
#11 C:\\Users\\piotr\\Desktop\\Studia\\Semestr 4\\AI1\\Zadania\\Lab9\\Lab9 pliki\\vendor\\laravel\\framework\\src\\Illuminate\\Routing\\Route.php(260): Illuminate\\Routing\\ControllerDispatcher->dispatch(Object(Illuminate\\Routing\\Route), Object(App\\Http\\Controllers\\CountryController), 'destroy')
#12 C:\\Users\\piotr\\Desktop\\Studia\\Semestr 4\\AI1\\Zadania\\Lab9\\Lab9 pliki\\vendor\\laravel\\framework\\src\\Illuminate\\Routing\\Route.php(206): Illuminate\\Routing\\Route->runController()
#13 C:\\Users\\piotr\\Desktop\\Studia\\Semestr 4\\AI1\\Zadania\\Lab9\\Lab9 pliki\\vendor\\laravel\\framework\\src\\Illuminate\\Routing\\Router.php(806): Illuminate\\Routing\\Route->run()
#14 C:\\Users\\piotr\\Desktop\\Studia\\Semestr 4\\AI1\\Zadania\\Lab9\\Lab9 pliki\\vendor\\laravel\\framework\\src\\Illuminate\\Pipeline\\Pipeline.php(144): Illuminate\\Routing\\Router->Illuminate\\Routing\\{closure}(Object(Illuminate\\Http\\Request))
#15 C:\\Users\\piotr\\Desktop\\Studia\\Semestr 4\\AI1\\Zadania\\Lab9\\Lab9 pliki\\app\\Http\\Middleware\\LogActivity.php(29): Illuminate\\Pipeline\\Pipeline->Illuminate\\Pipeline\\{closure}(Object(Illuminate\\Http\\Request))
#16 C:\\Users\\piotr\\Desktop\\Studia\\Semestr 4\\AI1\\Zadania\\Lab9\\Lab9 pliki\\vendor\\laravel\\framework\\src\\Illuminate\\Pipeline\\Pipeline.php(183): App\\Http\\Middleware\\LogActivity->handle(Object(Illuminate\\Http\\Request), Object(Closure))
#17 C:\\Users\\piotr\\Desktop\\Studia\\Semestr 4\\AI1\\Zadania\\Lab9\\Lab9 pliki\\vendor\\laravel\\framework\\src\\Illuminate\\Routing\\Middleware\\SubstituteBindings.php(50): Illuminate\\Pipeline\\Pipeline->Illuminate\\Pipeline\\{closure}(Object(Illuminate\\Http\\Request))
#18 C:\\Users\\piotr\\Desktop\\Studia\\Semestr 4\\AI1\\Zadania\\Lab9\\Lab9 pliki\\vendor\\laravel\\framework\\src\\Illuminate\\Pipeline\\Pipeline.php(183): Illuminate\\Routing\\Middleware\\SubstituteBindings->handle(Object(Illuminate\\Http\\Request), Object(Closure))
#19 C:\\Users\\piotr\\Desktop\\Studia\\Semestr 4\\AI1\\Zadania\\Lab9\\Lab9 pliki\\vendor\\laravel\\framework\\src\\Illuminate\\Auth\\Middleware\\Authenticate.php(64): Illuminate\\Pipeline\\Pipeline->Illuminate\\Pipeline\\{closure}(Object(Illuminate\\Http\\Request))
#20 C:\\Users\\piotr\\Desktop\\Studia\\Semestr 4\\AI1\\Zadania\\Lab9\\Lab9 pliki\\vendor\\laravel\\framework\\src\\Illuminate\\Pipeline\\Pipeline.php(183): Illuminate\\Auth\\Middleware\\Authenticate->handle(Object(Illuminate\\Http\\Request), Object(Closure))
#21 C:\\Users\\piotr\\Desktop\\Studia\\Semestr 4\\AI1\\Zadania\\Lab9\\Lab9 pliki\\vendor\\laravel\\framework\\src\\Illuminate\\Foundation\\Http\\Middleware\\VerifyCsrfToken.php(88): Illuminate\\Pipeline\\Pipeline->Illuminate\\Pipeline\\{closure}(Object(Illuminate\\Http\\Request))
#22 C:\\Users\\piotr\\Desktop\\Studia\\Semestr 4\\AI1\\Zadania\\Lab9\\Lab9 pliki\\vendor\\laravel\\framework\\src\\Illuminate\\Pipeline\\Pipeline.php(183): Illuminate\\Foundation\\Http\\Middleware\\VerifyCsrfToken->handle(Object(Illuminate\\Http\\Request), Object(Closure))
#23 C:\\Users\\piotr\\Desktop\\Studia\\Semestr 4\\AI1\\Zadania\\Lab9\\Lab9 pliki\\vendor\\laravel\\framework\\src\\Illuminate\\View\\Middleware\\ShareErrorsFromSession.php(49): Illuminate\\Pipeline\\Pipeline->Illuminate\\Pipeline\\{closure}(Object(Illuminate\\Http\\Request))
#24 C:\\Users\\piotr\\Desktop\\Studia\\Semestr 4\\AI1\\Zadania\\Lab9\\Lab9 pliki\\vendor\\laravel\\framework\\src\\Illuminate\\Pipeline\\Pipeline.php(183): Illuminate\\View\\Middleware\\ShareErrorsFromSession->handle(Object(Illuminate\\Http\\Request), Object(Closure))
#25 C:\\Users\\piotr\\Desktop\\Studia\\Semestr 4\\AI1\\Zadania\\Lab9\\Lab9 pliki\\vendor\\laravel\\framework\\src\\Illuminate\\Session\\Middleware\\StartSession.php(121): Illuminate\\Pipeline\\Pipeline->Illuminate\\Pipeline\\{closure}(Object(Illuminate\\Http\\Request))
#26 C:\\Users\\piotr\\Desktop\\Studia\\Semestr 4\\AI1\\Zadania\\Lab9\\Lab9 pliki\\vendor\\laravel\\framework\\src\\Illuminate\\Session\\Middleware\\StartSession.php(64): Illuminate\\Session\\Middleware\\StartSession->handleStatefulRequest(Object(Illuminate\\Http\\Request), Object(Illuminate\\Session\\Store), Object(Closure))
#27 C:\\Users\\piotr\\Desktop\\Studia\\Semestr 4\\AI1\\Zadania\\Lab9\\Lab9 pliki\\vendor\\laravel\\framework\\src\\Illuminate\\Pipeline\\Pipeline.php(183): Illuminate\\Session\\Middleware\\StartSession->handle(Object(Illuminate\\Http\\Request), Object(Closure))
#28 C:\\Users\\piotr\\Desktop\\Studia\\Semestr 4\\AI1\\Zadania\\Lab9\\Lab9 pliki\\vendor\\laravel\\framework\\src\\Illuminate\\Cookie\\Middleware\\AddQueuedCookiesToResponse.php(37): Illuminate\\Pipeline\\Pipeline->Illuminate\\Pipeline\\{closure}(Object(Illuminate\\Http\\Request))
#29 C:\\Users\\piotr\\Desktop\\Studia\\Semestr 4\\AI1\\Zadania\\Lab9\\Lab9 pliki\\vendor\\laravel\\framework\\src\\Illuminate\\Pipeline\\Pipeline.php(183): Illuminate\\Cookie\\Middleware\\AddQueuedCookiesToResponse->handle(Object(Illuminate\\Http\\Request), Object(Closure))
#30 C:\\Users\\piotr\\Desktop\\Studia\\Semestr 4\\AI1\\Zadania\\Lab9\\Lab9 pliki\\vendor\\laravel\\framework\\src\\Illuminate\\Cookie\\Middleware\\EncryptCookies.php(75): Illuminate\\Pipeline\\Pipeline->Illuminate\\Pipeline\\{closure}(Object(Illuminate\\Http\\Request))
#31 C:\\Users\\piotr\\Desktop\\Studia\\Semestr 4\\AI1\\Zadania\\Lab9\\Lab9 pliki\\vendor\\laravel\\framework\\src\\Illuminate\\Pipeline\\Pipeline.php(183): Illuminate\\Cookie\\Middleware\\EncryptCookies->handle(Object(Illuminate\\Http\\Request), Object(Closure))
#32 C:\\Users\\piotr\\Desktop\\Studia\\Semestr 4\\AI1\\Zadania\\Lab9\\Lab9 pliki\\vendor\\laravel\\framework\\src\\Illuminate\\Pipeline\\Pipeline.php(119): Illuminate\\Pipeline\\Pipeline->Illuminate\\Pipeline\\{closure}(Object(Illuminate\\Http\\Request))
#33 C:\\Users\\piotr\\Desktop\\Studia\\Semestr 4\\AI1\\Zadania\\Lab9\\Lab9 pliki\\vendor\\laravel\\framework\\src\\Illuminate\\Routing\\Router.php(805): Illuminate\\Pipeline\\Pipeline->then(Object(Closure))
#34 C:\\Users\\piotr\\Desktop\\Studia\\Semestr 4\\AI1\\Zadania\\Lab9\\Lab9 pliki\\vendor\\laravel\\framework\\src\\Illuminate\\Routing\\Router.php(784): Illuminate\\Routing\\Router->runRouteWithinStack(Object(Illuminate\\Routing\\Route), Object(Illuminate\\Http\\Request))
#35 C:\\Users\\piotr\\Desktop\\Studia\\Semestr 4\\AI1\\Zadania\\Lab9\\Lab9 pliki\\vendor\\laravel\\framework\\src\\Illuminate\\Routing\\Router.php(748): Illuminate\\Routing\\Router->runRoute(Object(Illuminate\\Http\\Request), Object(Illuminate\\Routing\\Route))
#36 C:\\Users\\piotr\\Desktop\\Studia\\Semestr 4\\AI1\\Zadania\\Lab9\\Lab9 pliki\\vendor\\laravel\\framework\\src\\Illuminate\\Routing\\Router.php(737): Illuminate\\Routing\\Router->dispatchToRoute(Object(Illuminate\\Http\\Request))
#37 C:\\Users\\piotr\\Desktop\\Studia\\Semestr 4\\AI1\\Zadania\\Lab9\\Lab9 pliki\\vendor\\laravel\\framework\\src\\Illuminate\\Foundation\\Http\\Kernel.php(200): Illuminate\\Routing\\Router->dispatch(Object(Illuminate\\Http\\Request))
#38 C:\\Users\\piotr\\Desktop\\Studia\\Semestr 4\\AI1\\Zadania\\Lab9\\Lab9 pliki\\vendor\\laravel\\framework\\src\\Illuminate\\Pipeline\\Pipeline.php(144): Illuminate\\Foundation\\Http\\Kernel->Illuminate\\Foundation\\Http\\{closure}(Object(Illuminate\\Http\\Request))
#39 C:\\Users\\piotr\\Desktop\\Studia\\Semestr 4\\AI1\\Zadania\\Lab9\\Lab9 pliki\\vendor\\barryvdh\\laravel-debugbar\\src\\Middleware\\InjectDebugbar.php(66): Illuminate\\Pipeline\\Pipeline->Illuminate\\Pipeline\\{closure}(Object(Illuminate\\Http\\Request))
#40 C:\\Users\\piotr\\Desktop\\Studia\\Semestr 4\\AI1\\Zadania\\Lab9\\Lab9 pliki\\vendor\\laravel\\framework\\src\\Illuminate\\Pipeline\\Pipeline.php(183): Barryvdh\\Debugbar\\Middleware\\InjectDebugbar->handle(Object(Illuminate\\Http\\Request), Object(Closure))
#41 C:\\Users\\piotr\\Desktop\\Studia\\Semestr 4\\AI1\\Zadania\\Lab9\\Lab9 pliki\\vendor\\laravel\\framework\\src\\Illuminate\\Foundation\\Http\\Middleware\\TransformsRequest.php(21): Illuminate\\Pipeline\\Pipeline->Illuminate\\Pipeline\\{closure}(Object(Illuminate\\Http\\Request))
#42 C:\\Users\\piotr\\Desktop\\Studia\\Semestr 4\\AI1\\Zadania\\Lab9\\Lab9 pliki\\vendor\\laravel\\framework\\src\\Illuminate\\Foundation\\Http\\Middleware\\ConvertEmptyStringsToNull.php(31): Illuminate\\Foundation\\Http\\Middleware\\TransformsRequest->handle(Object(Illuminate\\Http\\Request), Object(Closure))
#43 C:\\Users\\piotr\\Desktop\\Studia\\Semestr 4\\AI1\\Zadania\\Lab9\\Lab9 pliki\\vendor\\laravel\\framework\\src\\Illuminate\\Pipeline\\Pipeline.php(183): Illuminate\\Foundation\\Http\\Middleware\\ConvertEmptyStringsToNull->handle(Object(Illuminate\\Http\\Request), Object(Closure))
#44 C:\\Users\\piotr\\Desktop\\Studia\\Semestr 4\\AI1\\Zadania\\Lab9\\Lab9 pliki\\vendor\\laravel\\framework\\src\\Illuminate\\Foundation\\Http\\Middleware\\TransformsRequest.php(21): Illuminate\\Pipeline\\Pipeline->Illuminate\\Pipeline\\{closure}(Object(Illuminate\\Http\\Request))
#45 C:\\Users\\piotr\\Desktop\\Studia\\Semestr 4\\AI1\\Zadania\\Lab9\\Lab9 pliki\\vendor\\laravel\\framework\\src\\Illuminate\\Foundation\\Http\\Middleware\\TrimStrings.php(50): Illuminate\\Foundation\\Http\\Middleware\\TransformsRequest->handle(Object(Illuminate\\Http\\Request), Object(Closure))
#46 C:\\Users\\piotr\\Desktop\\Studia\\Semestr 4\\AI1\\Zadania\\Lab9\\Lab9 pliki\\vendor\\laravel\\framework\\src\\Illuminate\\Pipeline\\Pipeline.php(183): Illuminate\\Foundation\\Http\\Middleware\\TrimStrings->handle(Object(Illuminate\\Http\\Request), Object(Closure))
#47 C:\\Users\\piotr\\Desktop\\Studia\\Semestr 4\\AI1\\Zadania\\Lab9\\Lab9 pliki\\vendor\\laravel\\framework\\src\\Illuminate\\Http\\Middleware\\ValidatePostSize.php(27): Illuminate\\Pipeline\\Pipeline->Illuminate\\Pipeline\\{closure}(Object(Illuminate\\Http\\Request))
#48 C:\\Users\\piotr\\Desktop\\Studia\\Semestr 4\\AI1\\Zadania\\Lab9\\Lab9 pliki\\vendor\\laravel\\framework\\src\\Illuminate\\Pipeline\\Pipeline.php(183): Illuminate\\Http\\Middleware\\ValidatePostSize->handle(Object(Illuminate\\Http\\Request), Object(Closure))
#49 C:\\Users\\piotr\\Desktop\\Studia\\Semestr 4\\AI1\\Zadania\\Lab9\\Lab9 pliki\\vendor\\laravel\\framework\\src\\Illuminate\\Foundation\\Http\\Middleware\\PreventRequestsDuringMaintenance.php(110): Illuminate\\Pipeline\\Pipeline->Illuminate\\Pipeline\\{closure}(Object(Illuminate\\Http\\Request))
#50 C:\\Users\\piotr\\Desktop\\Studia\\Semestr 4\\AI1\\Zadania\\Lab9\\Lab9 pliki\\vendor\\laravel\\framework\\src\\Illuminate\\Pipeline\\Pipeline.php(183): Illuminate\\Foundation\\Http\\Middleware\\PreventRequestsDuringMaintenance->handle(Object(Illuminate\\Http\\Request), Object(Closure))
#51 C:\\Users\\piotr\\Desktop\\Studia\\Semestr 4\\AI1\\Zadania\\Lab9\\Lab9 pliki\\vendor\\laravel\\framework\\src\\Illuminate\\Http\\Middleware\\HandleCors.php(49): Illuminate\\Pipeline\\Pipeline->Illuminate\\Pipeline\\{closure}(Object(Illuminate\\Http\\Request))
#52 C:\\Users\\piotr\\Desktop\\Studia\\Semestr 4\\AI1\\Zadania\\Lab9\\Lab9 pliki\\vendor\\laravel\\framework\\src\\Illuminate\\Pipeline\\Pipeline.php(183): Illuminate\\Http\\Middleware\\HandleCors->handle(Object(Illuminate\\Http\\Request), Object(Closure))
#53 C:\\Users\\piotr\\Desktop\\Studia\\Semestr 4\\AI1\\Zadania\\Lab9\\Lab9 pliki\\vendor\\laravel\\framework\\src\\Illuminate\\Http\\Middleware\\TrustProxies.php(57): Illuminate\\Pipeline\\Pipeline->Illuminate\\Pipeline\\{closure}(Object(Illuminate\\Http\\Request))
#54 C:\\Users\\piotr\\Desktop\\Studia\\Semestr 4\\AI1\\Zadania\\Lab9\\Lab9 pliki\\vendor\\laravel\\framework\\src\\Illuminate\\Pipeline\\Pipeline.php(183): Illuminate\\Http\\Middleware\\TrustProxies->handle(Object(Illuminate\\Http\\Request), Object(Closure))
#55 C:\\Users\\piotr\\Desktop\\Studia\\Semestr 4\\AI1\\Zadania\\Lab9\\Lab9 pliki\\vendor\\laravel\\framework\\src\\Illuminate\\Pipeline\\Pipeline.php(119): Illuminate\\Pipeline\\Pipeline->Illuminate\\Pipeline\\{closure}(Object(Illuminate\\Http\\Request))
#56 C:\\Users\\piotr\\Desktop\\Studia\\Semestr 4\\AI1\\Zadania\\Lab9\\Lab9 pliki\\vendor\\laravel\\framework\\src\\Illuminate\\Foundation\\Http\\Kernel.php(175): Illuminate\\Pipeline\\Pipeline->then(Object(Closure))
#57 C:\\Users\\piotr\\Desktop\\Studia\\Semestr 4\\AI1\\Zadania\\Lab9\\Lab9 pliki\\vendor\\laravel\\framework\\src\\Illuminate\\Foundation\\Http\\Kernel.php(144): Illuminate\\Foundation\\Http\\Kernel->sendRequestThroughRouter(Object(Illuminate\\Http\\Request))
#58 C:\\Users\\piotr\\Desktop\\Studia\\Semestr 4\\AI1\\Zadania\\Lab9\\Lab9 pliki\\vendor\\laravel\\framework\\src\\Illuminate\\Foundation\\Application.php(1168): Illuminate\\Foundation\\Http\\Kernel->handle(Object(Illuminate\\Http\\Request))
#59 C:\\Users\\piotr\\Desktop\\Studia\\Semestr 4\\AI1\\Zadania\\Lab9\\Lab9 pliki\\public\\index.php(17): Illuminate\\Foundation\\Application->handleRequest(Object(Illuminate\\Http\\Request))
#60 C:\\Users\\piotr\\Desktop\\Studia\\Semestr 4\\AI1\\Zadania\\Lab9\\Lab9 pliki\\vendor\\laravel\\framework\\src\\Illuminate\\Foundation\\resources\\server.php(16): require_once('C:\\\\Users\\\\piotr\\\\...')
#61 {main}
"} 
[2024-07-14 12:54:49] local.NOTICE: 'jan@email.com' did GET on '/countries'  
[2024-07-14 12:55:35] local.NOTICE: 'jan@email.com' did GET on '/countries'  
[2024-07-14 12:55:37] local.NOTICE: 'jan@email.com' did DELETE on '/countries/1'  
[2024-07-14 12:55:37] local.ERROR: SQLSTATE[23000]: Integrity constraint violation: 1451 Cannot delete or update a parent row: a foreign key constraint fails (`ai1_lab9`.`trips`, CONSTRAINT `trips_country_id_foreign` FOREIGN KEY (`country_id`) REFERENCES `countries` (`id`)) (Connection: mysql, SQL: delete from `countries` where `id` = 1) {"userId":1,"exception":"[object] (Illuminate\\Database\\QueryException(code: 23000): SQLSTATE[23000]: Integrity constraint violation: 1451 Cannot delete or update a parent row: a foreign key constraint fails (`ai1_lab9`.`trips`, CONSTRAINT `trips_country_id_foreign` FOREIGN KEY (`country_id`) REFERENCES `countries` (`id`)) (Connection: mysql, SQL: delete from `countries` where `id` = 1) at C:\\Users\\piotr\\Desktop\\Studia\\Semestr 4\\AI1\\Zadania\\Lab9\\Lab9 pliki\\vendor\\laravel\\framework\\src\\Illuminate\\Database\\Connection.php:813)
[stacktrace]
#0 C:\\Users\\piotr\\Desktop\\Studia\\Semestr 4\\AI1\\Zadania\\Lab9\\Lab9 pliki\\vendor\\laravel\\framework\\src\\Illuminate\\Database\\Connection.php(767): Illuminate\\Database\\Connection->runQueryCallback('delete from `co...', Array, Object(Closure))
#1 C:\\Users\\piotr\\Desktop\\Studia\\Semestr 4\\AI1\\Zadania\\Lab9\\Lab9 pliki\\vendor\\laravel\\framework\\src\\Illuminate\\Database\\Connection.php(584): Illuminate\\Database\\Connection->run('delete from `co...', Array, Object(Closure))
#2 C:\\Users\\piotr\\Desktop\\Studia\\Semestr 4\\AI1\\Zadania\\Lab9\\Lab9 pliki\\vendor\\laravel\\framework\\src\\Illuminate\\Database\\Connection.php(548): Illuminate\\Database\\Connection->affectingStatement('delete from `co...', Array)
#3 C:\\Users\\piotr\\Desktop\\Studia\\Semestr 4\\AI1\\Zadania\\Lab9\\Lab9 pliki\\vendor\\laravel\\framework\\src\\Illuminate\\Database\\Query\\Builder.php(3817): Illuminate\\Database\\Connection->delete('delete from `co...', Array)
#4 C:\\Users\\piotr\\Desktop\\Studia\\Semestr 4\\AI1\\Zadania\\Lab9\\Lab9 pliki\\vendor\\laravel\\framework\\src\\Illuminate\\Database\\Eloquent\\Builder.php(1274): Illuminate\\Database\\Query\\Builder->delete()
#5 C:\\Users\\piotr\\Desktop\\Studia\\Semestr 4\\AI1\\Zadania\\Lab9\\Lab9 pliki\\vendor\\laravel\\framework\\src\\Illuminate\\Database\\Eloquent\\Model.php(1467): Illuminate\\Database\\Eloquent\\Builder->delete()
#6 C:\\Users\\piotr\\Desktop\\Studia\\Semestr 4\\AI1\\Zadania\\Lab9\\Lab9 pliki\\vendor\\laravel\\framework\\src\\Illuminate\\Database\\Eloquent\\Model.php(1412): Illuminate\\Database\\Eloquent\\Model->performDeleteOnModel()
#7 C:\\Users\\piotr\\Desktop\\Studia\\Semestr 4\\AI1\\Zadania\\Lab9\\Lab9 pliki\\app\\Http\\Controllers\\CountryController.php(80): Illuminate\\Database\\Eloquent\\Model->delete()
#8 C:\\Users\\piotr\\Desktop\\Studia\\Semestr 4\\AI1\\Zadania\\Lab9\\Lab9 pliki\\vendor\\laravel\\framework\\src\\Illuminate\\Routing\\ControllerDispatcher.php(46): App\\Http\\Controllers\\CountryController->destroy(Object(App\\Models\\Country))
#9 C:\\Users\\piotr\\Desktop\\Studia\\Semestr 4\\AI1\\Zadania\\Lab9\\Lab9 pliki\\vendor\\laravel\\framework\\src\\Illuminate\\Routing\\Route.php(260): Illuminate\\Routing\\ControllerDispatcher->dispatch(Object(Illuminate\\Routing\\Route), Object(App\\Http\\Controllers\\CountryController), 'destroy')
#10 C:\\Users\\piotr\\Desktop\\Studia\\Semestr 4\\AI1\\Zadania\\Lab9\\Lab9 pliki\\vendor\\laravel\\framework\\src\\Illuminate\\Routing\\Route.php(206): Illuminate\\Routing\\Route->runController()
#11 C:\\Users\\piotr\\Desktop\\Studia\\Semestr 4\\AI1\\Zadania\\Lab9\\Lab9 pliki\\vendor\\laravel\\framework\\src\\Illuminate\\Routing\\Router.php(806): Illuminate\\Routing\\Route->run()
#12 C:\\Users\\piotr\\Desktop\\Studia\\Semestr 4\\AI1\\Zadania\\Lab9\\Lab9 pliki\\vendor\\laravel\\framework\\src\\Illuminate\\Pipeline\\Pipeline.php(144): Illuminate\\Routing\\Router->Illuminate\\Routing\\{closure}(Object(Illuminate\\Http\\Request))
#13 C:\\Users\\piotr\\Desktop\\Studia\\Semestr 4\\AI1\\Zadania\\Lab9\\Lab9 pliki\\app\\Http\\Middleware\\LogActivity.php(29): Illuminate\\Pipeline\\Pipeline->Illuminate\\Pipeline\\{closure}(Object(Illuminate\\Http\\Request))
#14 C:\\Users\\piotr\\Desktop\\Studia\\Semestr 4\\AI1\\Zadania\\Lab9\\Lab9 pliki\\vendor\\laravel\\framework\\src\\Illuminate\\Pipeline\\Pipeline.php(183): App\\Http\\Middleware\\LogActivity->handle(Object(Illuminate\\Http\\Request), Object(Closure))
#15 C:\\Users\\piotr\\Desktop\\Studia\\Semestr 4\\AI1\\Zadania\\Lab9\\Lab9 pliki\\vendor\\laravel\\framework\\src\\Illuminate\\Routing\\Middleware\\SubstituteBindings.php(50): Illuminate\\Pipeline\\Pipeline->Illuminate\\Pipeline\\{closure}(Object(Illuminate\\Http\\Request))
#16 C:\\Users\\piotr\\Desktop\\Studia\\Semestr 4\\AI1\\Zadania\\Lab9\\Lab9 pliki\\vendor\\laravel\\framework\\src\\Illuminate\\Pipeline\\Pipeline.php(183): Illuminate\\Routing\\Middleware\\SubstituteBindings->handle(Object(Illuminate\\Http\\Request), Object(Closure))
#17 C:\\Users\\piotr\\Desktop\\Studia\\Semestr 4\\AI1\\Zadania\\Lab9\\Lab9 pliki\\vendor\\laravel\\framework\\src\\Illuminate\\Auth\\Middleware\\Authenticate.php(64): Illuminate\\Pipeline\\Pipeline->Illuminate\\Pipeline\\{closure}(Object(Illuminate\\Http\\Request))
#18 C:\\Users\\piotr\\Desktop\\Studia\\Semestr 4\\AI1\\Zadania\\Lab9\\Lab9 pliki\\vendor\\laravel\\framework\\src\\Illuminate\\Pipeline\\Pipeline.php(183): Illuminate\\Auth\\Middleware\\Authenticate->handle(Object(Illuminate\\Http\\Request), Object(Closure))
#19 C:\\Users\\piotr\\Desktop\\Studia\\Semestr 4\\AI1\\Zadania\\Lab9\\Lab9 pliki\\vendor\\laravel\\framework\\src\\Illuminate\\Foundation\\Http\\Middleware\\VerifyCsrfToken.php(88): Illuminate\\Pipeline\\Pipeline->Illuminate\\Pipeline\\{closure}(Object(Illuminate\\Http\\Request))
#20 C:\\Users\\piotr\\Desktop\\Studia\\Semestr 4\\AI1\\Zadania\\Lab9\\Lab9 pliki\\vendor\\laravel\\framework\\src\\Illuminate\\Pipeline\\Pipeline.php(183): Illuminate\\Foundation\\Http\\Middleware\\VerifyCsrfToken->handle(Object(Illuminate\\Http\\Request), Object(Closure))
#21 C:\\Users\\piotr\\Desktop\\Studia\\Semestr 4\\AI1\\Zadania\\Lab9\\Lab9 pliki\\vendor\\laravel\\framework\\src\\Illuminate\\View\\Middleware\\ShareErrorsFromSession.php(49): Illuminate\\Pipeline\\Pipeline->Illuminate\\Pipeline\\{closure}(Object(Illuminate\\Http\\Request))
#22 C:\\Users\\piotr\\Desktop\\Studia\\Semestr 4\\AI1\\Zadania\\Lab9\\Lab9 pliki\\vendor\\laravel\\framework\\src\\Illuminate\\Pipeline\\Pipeline.php(183): Illuminate\\View\\Middleware\\ShareErrorsFromSession->handle(Object(Illuminate\\Http\\Request), Object(Closure))
#23 C:\\Users\\piotr\\Desktop\\Studia\\Semestr 4\\AI1\\Zadania\\Lab9\\Lab9 pliki\\vendor\\laravel\\framework\\src\\Illuminate\\Session\\Middleware\\StartSession.php(121): Illuminate\\Pipeline\\Pipeline->Illuminate\\Pipeline\\{closure}(Object(Illuminate\\Http\\Request))
#24 C:\\Users\\piotr\\Desktop\\Studia\\Semestr 4\\AI1\\Zadania\\Lab9\\Lab9 pliki\\vendor\\laravel\\framework\\src\\Illuminate\\Session\\Middleware\\StartSession.php(64): Illuminate\\Session\\Middleware\\StartSession->handleStatefulRequest(Object(Illuminate\\Http\\Request), Object(Illuminate\\Session\\Store), Object(Closure))
#25 C:\\Users\\piotr\\Desktop\\Studia\\Semestr 4\\AI1\\Zadania\\Lab9\\Lab9 pliki\\vendor\\laravel\\framework\\src\\Illuminate\\Pipeline\\Pipeline.php(183): Illuminate\\Session\\Middleware\\StartSession->handle(Object(Illuminate\\Http\\Request), Object(Closure))
#26 C:\\Users\\piotr\\Desktop\\Studia\\Semestr 4\\AI1\\Zadania\\Lab9\\Lab9 pliki\\vendor\\laravel\\framework\\src\\Illuminate\\Cookie\\Middleware\\AddQueuedCookiesToResponse.php(37): Illuminate\\Pipeline\\Pipeline->Illuminate\\Pipeline\\{closure}(Object(Illuminate\\Http\\Request))
#27 C:\\Users\\piotr\\Desktop\\Studia\\Semestr 4\\AI1\\Zadania\\Lab9\\Lab9 pliki\\vendor\\laravel\\framework\\src\\Illuminate\\Pipeline\\Pipeline.php(183): Illuminate\\Cookie\\Middleware\\AddQueuedCookiesToResponse->handle(Object(Illuminate\\Http\\Request), Object(Closure))
#28 C:\\Users\\piotr\\Desktop\\Studia\\Semestr 4\\AI1\\Zadania\\Lab9\\Lab9 pliki\\vendor\\laravel\\framework\\src\\Illuminate\\Cookie\\Middleware\\EncryptCookies.php(75): Illuminate\\Pipeline\\Pipeline->Illuminate\\Pipeline\\{closure}(Object(Illuminate\\Http\\Request))
#29 C:\\Users\\piotr\\Desktop\\Studia\\Semestr 4\\AI1\\Zadania\\Lab9\\Lab9 pliki\\vendor\\laravel\\framework\\src\\Illuminate\\Pipeline\\Pipeline.php(183): Illuminate\\Cookie\\Middleware\\EncryptCookies->handle(Object(Illuminate\\Http\\Request), Object(Closure))
#30 C:\\Users\\piotr\\Desktop\\Studia\\Semestr 4\\AI1\\Zadania\\Lab9\\Lab9 pliki\\vendor\\laravel\\framework\\src\\Illuminate\\Pipeline\\Pipeline.php(119): Illuminate\\Pipeline\\Pipeline->Illuminate\\Pipeline\\{closure}(Object(Illuminate\\Http\\Request))
#31 C:\\Users\\piotr\\Desktop\\Studia\\Semestr 4\\AI1\\Zadania\\Lab9\\Lab9 pliki\\vendor\\laravel\\framework\\src\\Illuminate\\Routing\\Router.php(805): Illuminate\\Pipeline\\Pipeline->then(Object(Closure))
#32 C:\\Users\\piotr\\Desktop\\Studia\\Semestr 4\\AI1\\Zadania\\Lab9\\Lab9 pliki\\vendor\\laravel\\framework\\src\\Illuminate\\Routing\\Router.php(784): Illuminate\\Routing\\Router->runRouteWithinStack(Object(Illuminate\\Routing\\Route), Object(Illuminate\\Http\\Request))
#33 C:\\Users\\piotr\\Desktop\\Studia\\Semestr 4\\AI1\\Zadania\\Lab9\\Lab9 pliki\\vendor\\laravel\\framework\\src\\Illuminate\\Routing\\Router.php(748): Illuminate\\Routing\\Router->runRoute(Object(Illuminate\\Http\\Request), Object(Illuminate\\Routing\\Route))
#34 C:\\Users\\piotr\\Desktop\\Studia\\Semestr 4\\AI1\\Zadania\\Lab9\\Lab9 pliki\\vendor\\laravel\\framework\\src\\Illuminate\\Routing\\Router.php(737): Illuminate\\Routing\\Router->dispatchToRoute(Object(Illuminate\\Http\\Request))
#35 C:\\Users\\piotr\\Desktop\\Studia\\Semestr 4\\AI1\\Zadania\\Lab9\\Lab9 pliki\\vendor\\laravel\\framework\\src\\Illuminate\\Foundation\\Http\\Kernel.php(200): Illuminate\\Routing\\Router->dispatch(Object(Illuminate\\Http\\Request))
#36 C:\\Users\\piotr\\Desktop\\Studia\\Semestr 4\\AI1\\Zadania\\Lab9\\Lab9 pliki\\vendor\\laravel\\framework\\src\\Illuminate\\Pipeline\\Pipeline.php(144): Illuminate\\Foundation\\Http\\Kernel->Illuminate\\Foundation\\Http\\{closure}(Object(Illuminate\\Http\\Request))
#37 C:\\Users\\piotr\\Desktop\\Studia\\Semestr 4\\AI1\\Zadania\\Lab9\\Lab9 pliki\\vendor\\barryvdh\\laravel-debugbar\\src\\Middleware\\InjectDebugbar.php(66): Illuminate\\Pipeline\\Pipeline->Illuminate\\Pipeline\\{closure}(Object(Illuminate\\Http\\Request))
#38 C:\\Users\\piotr\\Desktop\\Studia\\Semestr 4\\AI1\\Zadania\\Lab9\\Lab9 pliki\\vendor\\laravel\\framework\\src\\Illuminate\\Pipeline\\Pipeline.php(183): Barryvdh\\Debugbar\\Middleware\\InjectDebugbar->handle(Object(Illuminate\\Http\\Request), Object(Closure))
#39 C:\\Users\\piotr\\Desktop\\Studia\\Semestr 4\\AI1\\Zadania\\Lab9\\Lab9 pliki\\vendor\\laravel\\framework\\src\\Illuminate\\Foundation\\Http\\Middleware\\TransformsRequest.php(21): Illuminate\\Pipeline\\Pipeline->Illuminate\\Pipeline\\{closure}(Object(Illuminate\\Http\\Request))
#40 C:\\Users\\piotr\\Desktop\\Studia\\Semestr 4\\AI1\\Zadania\\Lab9\\Lab9 pliki\\vendor\\laravel\\framework\\src\\Illuminate\\Foundation\\Http\\Middleware\\ConvertEmptyStringsToNull.php(31): Illuminate\\Foundation\\Http\\Middleware\\TransformsRequest->handle(Object(Illuminate\\Http\\Request), Object(Closure))
#41 C:\\Users\\piotr\\Desktop\\Studia\\Semestr 4\\AI1\\Zadania\\Lab9\\Lab9 pliki\\vendor\\laravel\\framework\\src\\Illuminate\\Pipeline\\Pipeline.php(183): Illuminate\\Foundation\\Http\\Middleware\\ConvertEmptyStringsToNull->handle(Object(Illuminate\\Http\\Request), Object(Closure))
#42 C:\\Users\\piotr\\Desktop\\Studia\\Semestr 4\\AI1\\Zadania\\Lab9\\Lab9 pliki\\vendor\\laravel\\framework\\src\\Illuminate\\Foundation\\Http\\Middleware\\TransformsRequest.php(21): Illuminate\\Pipeline\\Pipeline->Illuminate\\Pipeline\\{closure}(Object(Illuminate\\Http\\Request))
#43 C:\\Users\\piotr\\Desktop\\Studia\\Semestr 4\\AI1\\Zadania\\Lab9\\Lab9 pliki\\vendor\\laravel\\framework\\src\\Illuminate\\Foundation\\Http\\Middleware\\TrimStrings.php(50): Illuminate\\Foundation\\Http\\Middleware\\TransformsRequest->handle(Object(Illuminate\\Http\\Request), Object(Closure))
#44 C:\\Users\\piotr\\Desktop\\Studia\\Semestr 4\\AI1\\Zadania\\Lab9\\Lab9 pliki\\vendor\\laravel\\framework\\src\\Illuminate\\Pipeline\\Pipeline.php(183): Illuminate\\Foundation\\Http\\Middleware\\TrimStrings->handle(Object(Illuminate\\Http\\Request), Object(Closure))
#45 C:\\Users\\piotr\\Desktop\\Studia\\Semestr 4\\AI1\\Zadania\\Lab9\\Lab9 pliki\\vendor\\laravel\\framework\\src\\Illuminate\\Http\\Middleware\\ValidatePostSize.php(27): Illuminate\\Pipeline\\Pipeline->Illuminate\\Pipeline\\{closure}(Object(Illuminate\\Http\\Request))
#46 C:\\Users\\piotr\\Desktop\\Studia\\Semestr 4\\AI1\\Zadania\\Lab9\\Lab9 pliki\\vendor\\laravel\\framework\\src\\Illuminate\\Pipeline\\Pipeline.php(183): Illuminate\\Http\\Middleware\\ValidatePostSize->handle(Object(Illuminate\\Http\\Request), Object(Closure))
#47 C:\\Users\\piotr\\Desktop\\Studia\\Semestr 4\\AI1\\Zadania\\Lab9\\Lab9 pliki\\vendor\\laravel\\framework\\src\\Illuminate\\Foundation\\Http\\Middleware\\PreventRequestsDuringMaintenance.php(110): Illuminate\\Pipeline\\Pipeline->Illuminate\\Pipeline\\{closure}(Object(Illuminate\\Http\\Request))
#48 C:\\Users\\piotr\\Desktop\\Studia\\Semestr 4\\AI1\\Zadania\\Lab9\\Lab9 pliki\\vendor\\laravel\\framework\\src\\Illuminate\\Pipeline\\Pipeline.php(183): Illuminate\\Foundation\\Http\\Middleware\\PreventRequestsDuringMaintenance->handle(Object(Illuminate\\Http\\Request), Object(Closure))
#49 C:\\Users\\piotr\\Desktop\\Studia\\Semestr 4\\AI1\\Zadania\\Lab9\\Lab9 pliki\\vendor\\laravel\\framework\\src\\Illuminate\\Http\\Middleware\\HandleCors.php(49): Illuminate\\Pipeline\\Pipeline->Illuminate\\Pipeline\\{closure}(Object(Illuminate\\Http\\Request))
#50 C:\\Users\\piotr\\Desktop\\Studia\\Semestr 4\\AI1\\Zadania\\Lab9\\Lab9 pliki\\vendor\\laravel\\framework\\src\\Illuminate\\Pipeline\\Pipeline.php(183): Illuminate\\Http\\Middleware\\HandleCors->handle(Object(Illuminate\\Http\\Request), Object(Closure))
#51 C:\\Users\\piotr\\Desktop\\Studia\\Semestr 4\\AI1\\Zadania\\Lab9\\Lab9 pliki\\vendor\\laravel\\framework\\src\\Illuminate\\Http\\Middleware\\TrustProxies.php(57): Illuminate\\Pipeline\\Pipeline->Illuminate\\Pipeline\\{closure}(Object(Illuminate\\Http\\Request))
#52 C:\\Users\\piotr\\Desktop\\Studia\\Semestr 4\\AI1\\Zadania\\Lab9\\Lab9 pliki\\vendor\\laravel\\framework\\src\\Illuminate\\Pipeline\\Pipeline.php(183): Illuminate\\Http\\Middleware\\TrustProxies->handle(Object(Illuminate\\Http\\Request), Object(Closure))
#53 C:\\Users\\piotr\\Desktop\\Studia\\Semestr 4\\AI1\\Zadania\\Lab9\\Lab9 pliki\\vendor\\laravel\\framework\\src\\Illuminate\\Pipeline\\Pipeline.php(119): Illuminate\\Pipeline\\Pipeline->Illuminate\\Pipeline\\{closure}(Object(Illuminate\\Http\\Request))
#54 C:\\Users\\piotr\\Desktop\\Studia\\Semestr 4\\AI1\\Zadania\\Lab9\\Lab9 pliki\\vendor\\laravel\\framework\\src\\Illuminate\\Foundation\\Http\\Kernel.php(175): Illuminate\\Pipeline\\Pipeline->then(Object(Closure))
#55 C:\\Users\\piotr\\Desktop\\Studia\\Semestr 4\\AI1\\Zadania\\Lab9\\Lab9 pliki\\vendor\\laravel\\framework\\src\\Illuminate\\Foundation\\Http\\Kernel.php(144): Illuminate\\Foundation\\Http\\Kernel->sendRequestThroughRouter(Object(Illuminate\\Http\\Request))
#56 C:\\Users\\piotr\\Desktop\\Studia\\Semestr 4\\AI1\\Zadania\\Lab9\\Lab9 pliki\\vendor\\laravel\\framework\\src\\Illuminate\\Foundation\\Application.php(1168): Illuminate\\Foundation\\Http\\Kernel->handle(Object(Illuminate\\Http\\Request))
#57 C:\\Users\\piotr\\Desktop\\Studia\\Semestr 4\\AI1\\Zadania\\Lab9\\Lab9 pliki\\public\\index.php(17): Illuminate\\Foundation\\Application->handleRequest(Object(Illuminate\\Http\\Request))
#58 C:\\Users\\piotr\\Desktop\\Studia\\Semestr 4\\AI1\\Zadania\\Lab9\\Lab9 pliki\\vendor\\laravel\\framework\\src\\Illuminate\\Foundation\\resources\\server.php(16): require_once('C:\\\\Users\\\\piotr\\\\...')
#59 {main}

[previous exception] [object] (PDOException(code: 23000): SQLSTATE[23000]: Integrity constraint violation: 1451 Cannot delete or update a parent row: a foreign key constraint fails (`ai1_lab9`.`trips`, CONSTRAINT `trips_country_id_foreign` FOREIGN KEY (`country_id`) REFERENCES `countries` (`id`)) at C:\\Users\\piotr\\Desktop\\Studia\\Semestr 4\\AI1\\Zadania\\Lab9\\Lab9 pliki\\vendor\\laravel\\framework\\src\\Illuminate\\Database\\Connection.php:596)
[stacktrace]
#0 C:\\Users\\piotr\\Desktop\\Studia\\Semestr 4\\AI1\\Zadania\\Lab9\\Lab9 pliki\\vendor\\laravel\\framework\\src\\Illuminate\\Database\\Connection.php(596): PDOStatement->execute()
#1 C:\\Users\\piotr\\Desktop\\Studia\\Semestr 4\\AI1\\Zadania\\Lab9\\Lab9 pliki\\vendor\\laravel\\framework\\src\\Illuminate\\Database\\Connection.php(800): Illuminate\\Database\\Connection->Illuminate\\Database\\{closure}('delete from `co...', Array)
#2 C:\\Users\\piotr\\Desktop\\Studia\\Semestr 4\\AI1\\Zadania\\Lab9\\Lab9 pliki\\vendor\\laravel\\framework\\src\\Illuminate\\Database\\Connection.php(767): Illuminate\\Database\\Connection->runQueryCallback('delete from `co...', Array, Object(Closure))
#3 C:\\Users\\piotr\\Desktop\\Studia\\Semestr 4\\AI1\\Zadania\\Lab9\\Lab9 pliki\\vendor\\laravel\\framework\\src\\Illuminate\\Database\\Connection.php(584): Illuminate\\Database\\Connection->run('delete from `co...', Array, Object(Closure))
#4 C:\\Users\\piotr\\Desktop\\Studia\\Semestr 4\\AI1\\Zadania\\Lab9\\Lab9 pliki\\vendor\\laravel\\framework\\src\\Illuminate\\Database\\Connection.php(548): Illuminate\\Database\\Connection->affectingStatement('delete from `co...', Array)
#5 C:\\Users\\piotr\\Desktop\\Studia\\Semestr 4\\AI1\\Zadania\\Lab9\\Lab9 pliki\\vendor\\laravel\\framework\\src\\Illuminate\\Database\\Query\\Builder.php(3817): Illuminate\\Database\\Connection->delete('delete from `co...', Array)
#6 C:\\Users\\piotr\\Desktop\\Studia\\Semestr 4\\AI1\\Zadania\\Lab9\\Lab9 pliki\\vendor\\laravel\\framework\\src\\Illuminate\\Database\\Eloquent\\Builder.php(1274): Illuminate\\Database\\Query\\Builder->delete()
#7 C:\\Users\\piotr\\Desktop\\Studia\\Semestr 4\\AI1\\Zadania\\Lab9\\Lab9 pliki\\vendor\\laravel\\framework\\src\\Illuminate\\Database\\Eloquent\\Model.php(1467): Illuminate\\Database\\Eloquent\\Builder->delete()
#8 C:\\Users\\piotr\\Desktop\\Studia\\Semestr 4\\AI1\\Zadania\\Lab9\\Lab9 pliki\\vendor\\laravel\\framework\\src\\Illuminate\\Database\\Eloquent\\Model.php(1412): Illuminate\\Database\\Eloquent\\Model->performDeleteOnModel()
#9 C:\\Users\\piotr\\Desktop\\Studia\\Semestr 4\\AI1\\Zadania\\Lab9\\Lab9 pliki\\app\\Http\\Controllers\\CountryController.php(80): Illuminate\\Database\\Eloquent\\Model->delete()
#10 C:\\Users\\piotr\\Desktop\\Studia\\Semestr 4\\AI1\\Zadania\\Lab9\\Lab9 pliki\\vendor\\laravel\\framework\\src\\Illuminate\\Routing\\ControllerDispatcher.php(46): App\\Http\\Controllers\\CountryController->destroy(Object(App\\Models\\Country))
#11 C:\\Users\\piotr\\Desktop\\Studia\\Semestr 4\\AI1\\Zadania\\Lab9\\Lab9 pliki\\vendor\\laravel\\framework\\src\\Illuminate\\Routing\\Route.php(260): Illuminate\\Routing\\ControllerDispatcher->dispatch(Object(Illuminate\\Routing\\Route), Object(App\\Http\\Controllers\\CountryController), 'destroy')
#12 C:\\Users\\piotr\\Desktop\\Studia\\Semestr 4\\AI1\\Zadania\\Lab9\\Lab9 pliki\\vendor\\laravel\\framework\\src\\Illuminate\\Routing\\Route.php(206): Illuminate\\Routing\\Route->runController()
#13 C:\\Users\\piotr\\Desktop\\Studia\\Semestr 4\\AI1\\Zadania\\Lab9\\Lab9 pliki\\vendor\\laravel\\framework\\src\\Illuminate\\Routing\\Router.php(806): Illuminate\\Routing\\Route->run()
#14 C:\\Users\\piotr\\Desktop\\Studia\\Semestr 4\\AI1\\Zadania\\Lab9\\Lab9 pliki\\vendor\\laravel\\framework\\src\\Illuminate\\Pipeline\\Pipeline.php(144): Illuminate\\Routing\\Router->Illuminate\\Routing\\{closure}(Object(Illuminate\\Http\\Request))
#15 C:\\Users\\piotr\\Desktop\\Studia\\Semestr 4\\AI1\\Zadania\\Lab9\\Lab9 pliki\\app\\Http\\Middleware\\LogActivity.php(29): Illuminate\\Pipeline\\Pipeline->Illuminate\\Pipeline\\{closure}(Object(Illuminate\\Http\\Request))
#16 C:\\Users\\piotr\\Desktop\\Studia\\Semestr 4\\AI1\\Zadania\\Lab9\\Lab9 pliki\\vendor\\laravel\\framework\\src\\Illuminate\\Pipeline\\Pipeline.php(183): App\\Http\\Middleware\\LogActivity->handle(Object(Illuminate\\Http\\Request), Object(Closure))
#17 C:\\Users\\piotr\\Desktop\\Studia\\Semestr 4\\AI1\\Zadania\\Lab9\\Lab9 pliki\\vendor\\laravel\\framework\\src\\Illuminate\\Routing\\Middleware\\SubstituteBindings.php(50): Illuminate\\Pipeline\\Pipeline->Illuminate\\Pipeline\\{closure}(Object(Illuminate\\Http\\Request))
#18 C:\\Users\\piotr\\Desktop\\Studia\\Semestr 4\\AI1\\Zadania\\Lab9\\Lab9 pliki\\vendor\\laravel\\framework\\src\\Illuminate\\Pipeline\\Pipeline.php(183): Illuminate\\Routing\\Middleware\\SubstituteBindings->handle(Object(Illuminate\\Http\\Request), Object(Closure))
#19 C:\\Users\\piotr\\Desktop\\Studia\\Semestr 4\\AI1\\Zadania\\Lab9\\Lab9 pliki\\vendor\\laravel\\framework\\src\\Illuminate\\Auth\\Middleware\\Authenticate.php(64): Illuminate\\Pipeline\\Pipeline->Illuminate\\Pipeline\\{closure}(Object(Illuminate\\Http\\Request))
#20 C:\\Users\\piotr\\Desktop\\Studia\\Semestr 4\\AI1\\Zadania\\Lab9\\Lab9 pliki\\vendor\\laravel\\framework\\src\\Illuminate\\Pipeline\\Pipeline.php(183): Illuminate\\Auth\\Middleware\\Authenticate->handle(Object(Illuminate\\Http\\Request), Object(Closure))
#21 C:\\Users\\piotr\\Desktop\\Studia\\Semestr 4\\AI1\\Zadania\\Lab9\\Lab9 pliki\\vendor\\laravel\\framework\\src\\Illuminate\\Foundation\\Http\\Middleware\\VerifyCsrfToken.php(88): Illuminate\\Pipeline\\Pipeline->Illuminate\\Pipeline\\{closure}(Object(Illuminate\\Http\\Request))
#22 C:\\Users\\piotr\\Desktop\\Studia\\Semestr 4\\AI1\\Zadania\\Lab9\\Lab9 pliki\\vendor\\laravel\\framework\\src\\Illuminate\\Pipeline\\Pipeline.php(183): Illuminate\\Foundation\\Http\\Middleware\\VerifyCsrfToken->handle(Object(Illuminate\\Http\\Request), Object(Closure))
#23 C:\\Users\\piotr\\Desktop\\Studia\\Semestr 4\\AI1\\Zadania\\Lab9\\Lab9 pliki\\vendor\\laravel\\framework\\src\\Illuminate\\View\\Middleware\\ShareErrorsFromSession.php(49): Illuminate\\Pipeline\\Pipeline->Illuminate\\Pipeline\\{closure}(Object(Illuminate\\Http\\Request))
#24 C:\\Users\\piotr\\Desktop\\Studia\\Semestr 4\\AI1\\Zadania\\Lab9\\Lab9 pliki\\vendor\\laravel\\framework\\src\\Illuminate\\Pipeline\\Pipeline.php(183): Illuminate\\View\\Middleware\\ShareErrorsFromSession->handle(Object(Illuminate\\Http\\Request), Object(Closure))
#25 C:\\Users\\piotr\\Desktop\\Studia\\Semestr 4\\AI1\\Zadania\\Lab9\\Lab9 pliki\\vendor\\laravel\\framework\\src\\Illuminate\\Session\\Middleware\\StartSession.php(121): Illuminate\\Pipeline\\Pipeline->Illuminate\\Pipeline\\{closure}(Object(Illuminate\\Http\\Request))
#26 C:\\Users\\piotr\\Desktop\\Studia\\Semestr 4\\AI1\\Zadania\\Lab9\\Lab9 pliki\\vendor\\laravel\\framework\\src\\Illuminate\\Session\\Middleware\\StartSession.php(64): Illuminate\\Session\\Middleware\\StartSession->handleStatefulRequest(Object(Illuminate\\Http\\Request), Object(Illuminate\\Session\\Store), Object(Closure))
#27 C:\\Users\\piotr\\Desktop\\Studia\\Semestr 4\\AI1\\Zadania\\Lab9\\Lab9 pliki\\vendor\\laravel\\framework\\src\\Illuminate\\Pipeline\\Pipeline.php(183): Illuminate\\Session\\Middleware\\StartSession->handle(Object(Illuminate\\Http\\Request), Object(Closure))
#28 C:\\Users\\piotr\\Desktop\\Studia\\Semestr 4\\AI1\\Zadania\\Lab9\\Lab9 pliki\\vendor\\laravel\\framework\\src\\Illuminate\\Cookie\\Middleware\\AddQueuedCookiesToResponse.php(37): Illuminate\\Pipeline\\Pipeline->Illuminate\\Pipeline\\{closure}(Object(Illuminate\\Http\\Request))
#29 C:\\Users\\piotr\\Desktop\\Studia\\Semestr 4\\AI1\\Zadania\\Lab9\\Lab9 pliki\\vendor\\laravel\\framework\\src\\Illuminate\\Pipeline\\Pipeline.php(183): Illuminate\\Cookie\\Middleware\\AddQueuedCookiesToResponse->handle(Object(Illuminate\\Http\\Request), Object(Closure))
#30 C:\\Users\\piotr\\Desktop\\Studia\\Semestr 4\\AI1\\Zadania\\Lab9\\Lab9 pliki\\vendor\\laravel\\framework\\src\\Illuminate\\Cookie\\Middleware\\EncryptCookies.php(75): Illuminate\\Pipeline\\Pipeline->Illuminate\\Pipeline\\{closure}(Object(Illuminate\\Http\\Request))
#31 C:\\Users\\piotr\\Desktop\\Studia\\Semestr 4\\AI1\\Zadania\\Lab9\\Lab9 pliki\\vendor\\laravel\\framework\\src\\Illuminate\\Pipeline\\Pipeline.php(183): Illuminate\\Cookie\\Middleware\\EncryptCookies->handle(Object(Illuminate\\Http\\Request), Object(Closure))
#32 C:\\Users\\piotr\\Desktop\\Studia\\Semestr 4\\AI1\\Zadania\\Lab9\\Lab9 pliki\\vendor\\laravel\\framework\\src\\Illuminate\\Pipeline\\Pipeline.php(119): Illuminate\\Pipeline\\Pipeline->Illuminate\\Pipeline\\{closure}(Object(Illuminate\\Http\\Request))
#33 C:\\Users\\piotr\\Desktop\\Studia\\Semestr 4\\AI1\\Zadania\\Lab9\\Lab9 pliki\\vendor\\laravel\\framework\\src\\Illuminate\\Routing\\Router.php(805): Illuminate\\Pipeline\\Pipeline->then(Object(Closure))
#34 C:\\Users\\piotr\\Desktop\\Studia\\Semestr 4\\AI1\\Zadania\\Lab9\\Lab9 pliki\\vendor\\laravel\\framework\\src\\Illuminate\\Routing\\Router.php(784): Illuminate\\Routing\\Router->runRouteWithinStack(Object(Illuminate\\Routing\\Route), Object(Illuminate\\Http\\Request))
#35 C:\\Users\\piotr\\Desktop\\Studia\\Semestr 4\\AI1\\Zadania\\Lab9\\Lab9 pliki\\vendor\\laravel\\framework\\src\\Illuminate\\Routing\\Router.php(748): Illuminate\\Routing\\Router->runRoute(Object(Illuminate\\Http\\Request), Object(Illuminate\\Routing\\Route))
#36 C:\\Users\\piotr\\Desktop\\Studia\\Semestr 4\\AI1\\Zadania\\Lab9\\Lab9 pliki\\vendor\\laravel\\framework\\src\\Illuminate\\Routing\\Router.php(737): Illuminate\\Routing\\Router->dispatchToRoute(Object(Illuminate\\Http\\Request))
#37 C:\\Users\\piotr\\Desktop\\Studia\\Semestr 4\\AI1\\Zadania\\Lab9\\Lab9 pliki\\vendor\\laravel\\framework\\src\\Illuminate\\Foundation\\Http\\Kernel.php(200): Illuminate\\Routing\\Router->dispatch(Object(Illuminate\\Http\\Request))
#38 C:\\Users\\piotr\\Desktop\\Studia\\Semestr 4\\AI1\\Zadania\\Lab9\\Lab9 pliki\\vendor\\laravel\\framework\\src\\Illuminate\\Pipeline\\Pipeline.php(144): Illuminate\\Foundation\\Http\\Kernel->Illuminate\\Foundation\\Http\\{closure}(Object(Illuminate\\Http\\Request))
#39 C:\\Users\\piotr\\Desktop\\Studia\\Semestr 4\\AI1\\Zadania\\Lab9\\Lab9 pliki\\vendor\\barryvdh\\laravel-debugbar\\src\\Middleware\\InjectDebugbar.php(66): Illuminate\\Pipeline\\Pipeline->Illuminate\\Pipeline\\{closure}(Object(Illuminate\\Http\\Request))
#40 C:\\Users\\piotr\\Desktop\\Studia\\Semestr 4\\AI1\\Zadania\\Lab9\\Lab9 pliki\\vendor\\laravel\\framework\\src\\Illuminate\\Pipeline\\Pipeline.php(183): Barryvdh\\Debugbar\\Middleware\\InjectDebugbar->handle(Object(Illuminate\\Http\\Request), Object(Closure))
#41 C:\\Users\\piotr\\Desktop\\Studia\\Semestr 4\\AI1\\Zadania\\Lab9\\Lab9 pliki\\vendor\\laravel\\framework\\src\\Illuminate\\Foundation\\Http\\Middleware\\TransformsRequest.php(21): Illuminate\\Pipeline\\Pipeline->Illuminate\\Pipeline\\{closure}(Object(Illuminate\\Http\\Request))
#42 C:\\Users\\piotr\\Desktop\\Studia\\Semestr 4\\AI1\\Zadania\\Lab9\\Lab9 pliki\\vendor\\laravel\\framework\\src\\Illuminate\\Foundation\\Http\\Middleware\\ConvertEmptyStringsToNull.php(31): Illuminate\\Foundation\\Http\\Middleware\\TransformsRequest->handle(Object(Illuminate\\Http\\Request), Object(Closure))
#43 C:\\Users\\piotr\\Desktop\\Studia\\Semestr 4\\AI1\\Zadania\\Lab9\\Lab9 pliki\\vendor\\laravel\\framework\\src\\Illuminate\\Pipeline\\Pipeline.php(183): Illuminate\\Foundation\\Http\\Middleware\\ConvertEmptyStringsToNull->handle(Object(Illuminate\\Http\\Request), Object(Closure))
#44 C:\\Users\\piotr\\Desktop\\Studia\\Semestr 4\\AI1\\Zadania\\Lab9\\Lab9 pliki\\vendor\\laravel\\framework\\src\\Illuminate\\Foundation\\Http\\Middleware\\TransformsRequest.php(21): Illuminate\\Pipeline\\Pipeline->Illuminate\\Pipeline\\{closure}(Object(Illuminate\\Http\\Request))
#45 C:\\Users\\piotr\\Desktop\\Studia\\Semestr 4\\AI1\\Zadania\\Lab9\\Lab9 pliki\\vendor\\laravel\\framework\\src\\Illuminate\\Foundation\\Http\\Middleware\\TrimStrings.php(50): Illuminate\\Foundation\\Http\\Middleware\\TransformsRequest->handle(Object(Illuminate\\Http\\Request), Object(Closure))
#46 C:\\Users\\piotr\\Desktop\\Studia\\Semestr 4\\AI1\\Zadania\\Lab9\\Lab9 pliki\\vendor\\laravel\\framework\\src\\Illuminate\\Pipeline\\Pipeline.php(183): Illuminate\\Foundation\\Http\\Middleware\\TrimStrings->handle(Object(Illuminate\\Http\\Request), Object(Closure))
#47 C:\\Users\\piotr\\Desktop\\Studia\\Semestr 4\\AI1\\Zadania\\Lab9\\Lab9 pliki\\vendor\\laravel\\framework\\src\\Illuminate\\Http\\Middleware\\ValidatePostSize.php(27): Illuminate\\Pipeline\\Pipeline->Illuminate\\Pipeline\\{closure}(Object(Illuminate\\Http\\Request))
#48 C:\\Users\\piotr\\Desktop\\Studia\\Semestr 4\\AI1\\Zadania\\Lab9\\Lab9 pliki\\vendor\\laravel\\framework\\src\\Illuminate\\Pipeline\\Pipeline.php(183): Illuminate\\Http\\Middleware\\ValidatePostSize->handle(Object(Illuminate\\Http\\Request), Object(Closure))
#49 C:\\Users\\piotr\\Desktop\\Studia\\Semestr 4\\AI1\\Zadania\\Lab9\\Lab9 pliki\\vendor\\laravel\\framework\\src\\Illuminate\\Foundation\\Http\\Middleware\\PreventRequestsDuringMaintenance.php(110): Illuminate\\Pipeline\\Pipeline->Illuminate\\Pipeline\\{closure}(Object(Illuminate\\Http\\Request))
#50 C:\\Users\\piotr\\Desktop\\Studia\\Semestr 4\\AI1\\Zadania\\Lab9\\Lab9 pliki\\vendor\\laravel\\framework\\src\\Illuminate\\Pipeline\\Pipeline.php(183): Illuminate\\Foundation\\Http\\Middleware\\PreventRequestsDuringMaintenance->handle(Object(Illuminate\\Http\\Request), Object(Closure))
#51 C:\\Users\\piotr\\Desktop\\Studia\\Semestr 4\\AI1\\Zadania\\Lab9\\Lab9 pliki\\vendor\\laravel\\framework\\src\\Illuminate\\Http\\Middleware\\HandleCors.php(49): Illuminate\\Pipeline\\Pipeline->Illuminate\\Pipeline\\{closure}(Object(Illuminate\\Http\\Request))
#52 C:\\Users\\piotr\\Desktop\\Studia\\Semestr 4\\AI1\\Zadania\\Lab9\\Lab9 pliki\\vendor\\laravel\\framework\\src\\Illuminate\\Pipeline\\Pipeline.php(183): Illuminate\\Http\\Middleware\\HandleCors->handle(Object(Illuminate\\Http\\Request), Object(Closure))
#53 C:\\Users\\piotr\\Desktop\\Studia\\Semestr 4\\AI1\\Zadania\\Lab9\\Lab9 pliki\\vendor\\laravel\\framework\\src\\Illuminate\\Http\\Middleware\\TrustProxies.php(57): Illuminate\\Pipeline\\Pipeline->Illuminate\\Pipeline\\{closure}(Object(Illuminate\\Http\\Request))
#54 C:\\Users\\piotr\\Desktop\\Studia\\Semestr 4\\AI1\\Zadania\\Lab9\\Lab9 pliki\\vendor\\laravel\\framework\\src\\Illuminate\\Pipeline\\Pipeline.php(183): Illuminate\\Http\\Middleware\\TrustProxies->handle(Object(Illuminate\\Http\\Request), Object(Closure))
#55 C:\\Users\\piotr\\Desktop\\Studia\\Semestr 4\\AI1\\Zadania\\Lab9\\Lab9 pliki\\vendor\\laravel\\framework\\src\\Illuminate\\Pipeline\\Pipeline.php(119): Illuminate\\Pipeline\\Pipeline->Illuminate\\Pipeline\\{closure}(Object(Illuminate\\Http\\Request))
#56 C:\\Users\\piotr\\Desktop\\Studia\\Semestr 4\\AI1\\Zadania\\Lab9\\Lab9 pliki\\vendor\\laravel\\framework\\src\\Illuminate\\Foundation\\Http\\Kernel.php(175): Illuminate\\Pipeline\\Pipeline->then(Object(Closure))
#57 C:\\Users\\piotr\\Desktop\\Studia\\Semestr 4\\AI1\\Zadania\\Lab9\\Lab9 pliki\\vendor\\laravel\\framework\\src\\Illuminate\\Foundation\\Http\\Kernel.php(144): Illuminate\\Foundation\\Http\\Kernel->sendRequestThroughRouter(Object(Illuminate\\Http\\Request))
#58 C:\\Users\\piotr\\Desktop\\Studia\\Semestr 4\\AI1\\Zadania\\Lab9\\Lab9 pliki\\vendor\\laravel\\framework\\src\\Illuminate\\Foundation\\Application.php(1168): Illuminate\\Foundation\\Http\\Kernel->handle(Object(Illuminate\\Http\\Request))
#59 C:\\Users\\piotr\\Desktop\\Studia\\Semestr 4\\AI1\\Zadania\\Lab9\\Lab9 pliki\\public\\index.php(17): Illuminate\\Foundation\\Application->handleRequest(Object(Illuminate\\Http\\Request))
#60 C:\\Users\\piotr\\Desktop\\Studia\\Semestr 4\\AI1\\Zadania\\Lab9\\Lab9 pliki\\vendor\\laravel\\framework\\src\\Illuminate\\Foundation\\resources\\server.php(16): require_once('C:\\\\Users\\\\piotr\\\\...')
#61 {main}
"} 
[2024-07-14 12:55:37] local.NOTICE: 'jan@email.com' did GET on '/countries'  
[2024-07-14 12:56:42] local.NOTICE: 'jan@email.com' did DELETE on '/countries/1'  
[2024-07-14 12:56:43] local.ERROR: SQLSTATE[23000]: Integrity constraint violation: 1451 Cannot delete or update a parent row: a foreign key constraint fails (`ai1_lab9`.`trips`, CONSTRAINT `trips_country_id_foreign` FOREIGN KEY (`country_id`) REFERENCES `countries` (`id`)) (Connection: mysql, SQL: delete from `countries` where `id` = 1) {"userId":1,"exception":"[object] (Illuminate\\Database\\QueryException(code: 23000): SQLSTATE[23000]: Integrity constraint violation: 1451 Cannot delete or update a parent row: a foreign key constraint fails (`ai1_lab9`.`trips`, CONSTRAINT `trips_country_id_foreign` FOREIGN KEY (`country_id`) REFERENCES `countries` (`id`)) (Connection: mysql, SQL: delete from `countries` where `id` = 1) at C:\\Users\\piotr\\Desktop\\Studia\\Semestr 4\\AI1\\Zadania\\Lab9\\Lab9 pliki\\vendor\\laravel\\framework\\src\\Illuminate\\Database\\Connection.php:813)
[stacktrace]
#0 C:\\Users\\piotr\\Desktop\\Studia\\Semestr 4\\AI1\\Zadania\\Lab9\\Lab9 pliki\\vendor\\laravel\\framework\\src\\Illuminate\\Database\\Connection.php(767): Illuminate\\Database\\Connection->runQueryCallback('delete from `co...', Array, Object(Closure))
#1 C:\\Users\\piotr\\Desktop\\Studia\\Semestr 4\\AI1\\Zadania\\Lab9\\Lab9 pliki\\vendor\\laravel\\framework\\src\\Illuminate\\Database\\Connection.php(584): Illuminate\\Database\\Connection->run('delete from `co...', Array, Object(Closure))
#2 C:\\Users\\piotr\\Desktop\\Studia\\Semestr 4\\AI1\\Zadania\\Lab9\\Lab9 pliki\\vendor\\laravel\\framework\\src\\Illuminate\\Database\\Connection.php(548): Illuminate\\Database\\Connection->affectingStatement('delete from `co...', Array)
#3 C:\\Users\\piotr\\Desktop\\Studia\\Semestr 4\\AI1\\Zadania\\Lab9\\Lab9 pliki\\vendor\\laravel\\framework\\src\\Illuminate\\Database\\Query\\Builder.php(3817): Illuminate\\Database\\Connection->delete('delete from `co...', Array)
#4 C:\\Users\\piotr\\Desktop\\Studia\\Semestr 4\\AI1\\Zadania\\Lab9\\Lab9 pliki\\vendor\\laravel\\framework\\src\\Illuminate\\Database\\Eloquent\\Builder.php(1274): Illuminate\\Database\\Query\\Builder->delete()
#5 C:\\Users\\piotr\\Desktop\\Studia\\Semestr 4\\AI1\\Zadania\\Lab9\\Lab9 pliki\\vendor\\laravel\\framework\\src\\Illuminate\\Database\\Eloquent\\Model.php(1467): Illuminate\\Database\\Eloquent\\Builder->delete()
#6 C:\\Users\\piotr\\Desktop\\Studia\\Semestr 4\\AI1\\Zadania\\Lab9\\Lab9 pliki\\vendor\\laravel\\framework\\src\\Illuminate\\Database\\Eloquent\\Model.php(1412): Illuminate\\Database\\Eloquent\\Model->performDeleteOnModel()
#7 C:\\Users\\piotr\\Desktop\\Studia\\Semestr 4\\AI1\\Zadania\\Lab9\\Lab9 pliki\\app\\Http\\Controllers\\CountryController.php(80): Illuminate\\Database\\Eloquent\\Model->delete()
#8 C:\\Users\\piotr\\Desktop\\Studia\\Semestr 4\\AI1\\Zadania\\Lab9\\Lab9 pliki\\vendor\\laravel\\framework\\src\\Illuminate\\Routing\\ControllerDispatcher.php(46): App\\Http\\Controllers\\CountryController->destroy(Object(App\\Models\\Country))
#9 C:\\Users\\piotr\\Desktop\\Studia\\Semestr 4\\AI1\\Zadania\\Lab9\\Lab9 pliki\\vendor\\laravel\\framework\\src\\Illuminate\\Routing\\Route.php(260): Illuminate\\Routing\\ControllerDispatcher->dispatch(Object(Illuminate\\Routing\\Route), Object(App\\Http\\Controllers\\CountryController), 'destroy')
#10 C:\\Users\\piotr\\Desktop\\Studia\\Semestr 4\\AI1\\Zadania\\Lab9\\Lab9 pliki\\vendor\\laravel\\framework\\src\\Illuminate\\Routing\\Route.php(206): Illuminate\\Routing\\Route->runController()
#11 C:\\Users\\piotr\\Desktop\\Studia\\Semestr 4\\AI1\\Zadania\\Lab9\\Lab9 pliki\\vendor\\laravel\\framework\\src\\Illuminate\\Routing\\Router.php(806): Illuminate\\Routing\\Route->run()
#12 C:\\Users\\piotr\\Desktop\\Studia\\Semestr 4\\AI1\\Zadania\\Lab9\\Lab9 pliki\\vendor\\laravel\\framework\\src\\Illuminate\\Pipeline\\Pipeline.php(144): Illuminate\\Routing\\Router->Illuminate\\Routing\\{closure}(Object(Illuminate\\Http\\Request))
#13 C:\\Users\\piotr\\Desktop\\Studia\\Semestr 4\\AI1\\Zadania\\Lab9\\Lab9 pliki\\app\\Http\\Middleware\\LogActivity.php(29): Illuminate\\Pipeline\\Pipeline->Illuminate\\Pipeline\\{closure}(Object(Illuminate\\Http\\Request))
#14 C:\\Users\\piotr\\Desktop\\Studia\\Semestr 4\\AI1\\Zadania\\Lab9\\Lab9 pliki\\vendor\\laravel\\framework\\src\\Illuminate\\Pipeline\\Pipeline.php(183): App\\Http\\Middleware\\LogActivity->handle(Object(Illuminate\\Http\\Request), Object(Closure))
#15 C:\\Users\\piotr\\Desktop\\Studia\\Semestr 4\\AI1\\Zadania\\Lab9\\Lab9 pliki\\vendor\\laravel\\framework\\src\\Illuminate\\Routing\\Middleware\\SubstituteBindings.php(50): Illuminate\\Pipeline\\Pipeline->Illuminate\\Pipeline\\{closure}(Object(Illuminate\\Http\\Request))
#16 C:\\Users\\piotr\\Desktop\\Studia\\Semestr 4\\AI1\\Zadania\\Lab9\\Lab9 pliki\\vendor\\laravel\\framework\\src\\Illuminate\\Pipeline\\Pipeline.php(183): Illuminate\\Routing\\Middleware\\SubstituteBindings->handle(Object(Illuminate\\Http\\Request), Object(Closure))
#17 C:\\Users\\piotr\\Desktop\\Studia\\Semestr 4\\AI1\\Zadania\\Lab9\\Lab9 pliki\\vendor\\laravel\\framework\\src\\Illuminate\\Auth\\Middleware\\Authenticate.php(64): Illuminate\\Pipeline\\Pipeline->Illuminate\\Pipeline\\{closure}(Object(Illuminate\\Http\\Request))
#18 C:\\Users\\piotr\\Desktop\\Studia\\Semestr 4\\AI1\\Zadania\\Lab9\\Lab9 pliki\\vendor\\laravel\\framework\\src\\Illuminate\\Pipeline\\Pipeline.php(183): Illuminate\\Auth\\Middleware\\Authenticate->handle(Object(Illuminate\\Http\\Request), Object(Closure))
#19 C:\\Users\\piotr\\Desktop\\Studia\\Semestr 4\\AI1\\Zadania\\Lab9\\Lab9 pliki\\vendor\\laravel\\framework\\src\\Illuminate\\Foundation\\Http\\Middleware\\VerifyCsrfToken.php(88): Illuminate\\Pipeline\\Pipeline->Illuminate\\Pipeline\\{closure}(Object(Illuminate\\Http\\Request))
#20 C:\\Users\\piotr\\Desktop\\Studia\\Semestr 4\\AI1\\Zadania\\Lab9\\Lab9 pliki\\vendor\\laravel\\framework\\src\\Illuminate\\Pipeline\\Pipeline.php(183): Illuminate\\Foundation\\Http\\Middleware\\VerifyCsrfToken->handle(Object(Illuminate\\Http\\Request), Object(Closure))
#21 C:\\Users\\piotr\\Desktop\\Studia\\Semestr 4\\AI1\\Zadania\\Lab9\\Lab9 pliki\\vendor\\laravel\\framework\\src\\Illuminate\\View\\Middleware\\ShareErrorsFromSession.php(49): Illuminate\\Pipeline\\Pipeline->Illuminate\\Pipeline\\{closure}(Object(Illuminate\\Http\\Request))
#22 C:\\Users\\piotr\\Desktop\\Studia\\Semestr 4\\AI1\\Zadania\\Lab9\\Lab9 pliki\\vendor\\laravel\\framework\\src\\Illuminate\\Pipeline\\Pipeline.php(183): Illuminate\\View\\Middleware\\ShareErrorsFromSession->handle(Object(Illuminate\\Http\\Request), Object(Closure))
#23 C:\\Users\\piotr\\Desktop\\Studia\\Semestr 4\\AI1\\Zadania\\Lab9\\Lab9 pliki\\vendor\\laravel\\framework\\src\\Illuminate\\Session\\Middleware\\StartSession.php(121): Illuminate\\Pipeline\\Pipeline->Illuminate\\Pipeline\\{closure}(Object(Illuminate\\Http\\Request))
#24 C:\\Users\\piotr\\Desktop\\Studia\\Semestr 4\\AI1\\Zadania\\Lab9\\Lab9 pliki\\vendor\\laravel\\framework\\src\\Illuminate\\Session\\Middleware\\StartSession.php(64): Illuminate\\Session\\Middleware\\StartSession->handleStatefulRequest(Object(Illuminate\\Http\\Request), Object(Illuminate\\Session\\Store), Object(Closure))
#25 C:\\Users\\piotr\\Desktop\\Studia\\Semestr 4\\AI1\\Zadania\\Lab9\\Lab9 pliki\\vendor\\laravel\\framework\\src\\Illuminate\\Pipeline\\Pipeline.php(183): Illuminate\\Session\\Middleware\\StartSession->handle(Object(Illuminate\\Http\\Request), Object(Closure))
#26 C:\\Users\\piotr\\Desktop\\Studia\\Semestr 4\\AI1\\Zadania\\Lab9\\Lab9 pliki\\vendor\\laravel\\framework\\src\\Illuminate\\Cookie\\Middleware\\AddQueuedCookiesToResponse.php(37): Illuminate\\Pipeline\\Pipeline->Illuminate\\Pipeline\\{closure}(Object(Illuminate\\Http\\Request))
#27 C:\\Users\\piotr\\Desktop\\Studia\\Semestr 4\\AI1\\Zadania\\Lab9\\Lab9 pliki\\vendor\\laravel\\framework\\src\\Illuminate\\Pipeline\\Pipeline.php(183): Illuminate\\Cookie\\Middleware\\AddQueuedCookiesToResponse->handle(Object(Illuminate\\Http\\Request), Object(Closure))
#28 C:\\Users\\piotr\\Desktop\\Studia\\Semestr 4\\AI1\\Zadania\\Lab9\\Lab9 pliki\\vendor\\laravel\\framework\\src\\Illuminate\\Cookie\\Middleware\\EncryptCookies.php(75): Illuminate\\Pipeline\\Pipeline->Illuminate\\Pipeline\\{closure}(Object(Illuminate\\Http\\Request))
#29 C:\\Users\\piotr\\Desktop\\Studia\\Semestr 4\\AI1\\Zadania\\Lab9\\Lab9 pliki\\vendor\\laravel\\framework\\src\\Illuminate\\Pipeline\\Pipeline.php(183): Illuminate\\Cookie\\Middleware\\EncryptCookies->handle(Object(Illuminate\\Http\\Request), Object(Closure))
#30 C:\\Users\\piotr\\Desktop\\Studia\\Semestr 4\\AI1\\Zadania\\Lab9\\Lab9 pliki\\vendor\\laravel\\framework\\src\\Illuminate\\Pipeline\\Pipeline.php(119): Illuminate\\Pipeline\\Pipeline->Illuminate\\Pipeline\\{closure}(Object(Illuminate\\Http\\Request))
#31 C:\\Users\\piotr\\Desktop\\Studia\\Semestr 4\\AI1\\Zadania\\Lab9\\Lab9 pliki\\vendor\\laravel\\framework\\src\\Illuminate\\Routing\\Router.php(805): Illuminate\\Pipeline\\Pipeline->then(Object(Closure))
#32 C:\\Users\\piotr\\Desktop\\Studia\\Semestr 4\\AI1\\Zadania\\Lab9\\Lab9 pliki\\vendor\\laravel\\framework\\src\\Illuminate\\Routing\\Router.php(784): Illuminate\\Routing\\Router->runRouteWithinStack(Object(Illuminate\\Routing\\Route), Object(Illuminate\\Http\\Request))
#33 C:\\Users\\piotr\\Desktop\\Studia\\Semestr 4\\AI1\\Zadania\\Lab9\\Lab9 pliki\\vendor\\laravel\\framework\\src\\Illuminate\\Routing\\Router.php(748): Illuminate\\Routing\\Router->runRoute(Object(Illuminate\\Http\\Request), Object(Illuminate\\Routing\\Route))
#34 C:\\Users\\piotr\\Desktop\\Studia\\Semestr 4\\AI1\\Zadania\\Lab9\\Lab9 pliki\\vendor\\laravel\\framework\\src\\Illuminate\\Routing\\Router.php(737): Illuminate\\Routing\\Router->dispatchToRoute(Object(Illuminate\\Http\\Request))
#35 C:\\Users\\piotr\\Desktop\\Studia\\Semestr 4\\AI1\\Zadania\\Lab9\\Lab9 pliki\\vendor\\laravel\\framework\\src\\Illuminate\\Foundation\\Http\\Kernel.php(200): Illuminate\\Routing\\Router->dispatch(Object(Illuminate\\Http\\Request))
#36 C:\\Users\\piotr\\Desktop\\Studia\\Semestr 4\\AI1\\Zadania\\Lab9\\Lab9 pliki\\vendor\\laravel\\framework\\src\\Illuminate\\Pipeline\\Pipeline.php(144): Illuminate\\Foundation\\Http\\Kernel->Illuminate\\Foundation\\Http\\{closure}(Object(Illuminate\\Http\\Request))
#37 C:\\Users\\piotr\\Desktop\\Studia\\Semestr 4\\AI1\\Zadania\\Lab9\\Lab9 pliki\\vendor\\barryvdh\\laravel-debugbar\\src\\Middleware\\InjectDebugbar.php(66): Illuminate\\Pipeline\\Pipeline->Illuminate\\Pipeline\\{closure}(Object(Illuminate\\Http\\Request))
#38 C:\\Users\\piotr\\Desktop\\Studia\\Semestr 4\\AI1\\Zadania\\Lab9\\Lab9 pliki\\vendor\\laravel\\framework\\src\\Illuminate\\Pipeline\\Pipeline.php(183): Barryvdh\\Debugbar\\Middleware\\InjectDebugbar->handle(Object(Illuminate\\Http\\Request), Object(Closure))
#39 C:\\Users\\piotr\\Desktop\\Studia\\Semestr 4\\AI1\\Zadania\\Lab9\\Lab9 pliki\\vendor\\laravel\\framework\\src\\Illuminate\\Foundation\\Http\\Middleware\\TransformsRequest.php(21): Illuminate\\Pipeline\\Pipeline->Illuminate\\Pipeline\\{closure}(Object(Illuminate\\Http\\Request))
#40 C:\\Users\\piotr\\Desktop\\Studia\\Semestr 4\\AI1\\Zadania\\Lab9\\Lab9 pliki\\vendor\\laravel\\framework\\src\\Illuminate\\Foundation\\Http\\Middleware\\ConvertEmptyStringsToNull.php(31): Illuminate\\Foundation\\Http\\Middleware\\TransformsRequest->handle(Object(Illuminate\\Http\\Request), Object(Closure))
#41 C:\\Users\\piotr\\Desktop\\Studia\\Semestr 4\\AI1\\Zadania\\Lab9\\Lab9 pliki\\vendor\\laravel\\framework\\src\\Illuminate\\Pipeline\\Pipeline.php(183): Illuminate\\Foundation\\Http\\Middleware\\ConvertEmptyStringsToNull->handle(Object(Illuminate\\Http\\Request), Object(Closure))
#42 C:\\Users\\piotr\\Desktop\\Studia\\Semestr 4\\AI1\\Zadania\\Lab9\\Lab9 pliki\\vendor\\laravel\\framework\\src\\Illuminate\\Foundation\\Http\\Middleware\\TransformsRequest.php(21): Illuminate\\Pipeline\\Pipeline->Illuminate\\Pipeline\\{closure}(Object(Illuminate\\Http\\Request))
#43 C:\\Users\\piotr\\Desktop\\Studia\\Semestr 4\\AI1\\Zadania\\Lab9\\Lab9 pliki\\vendor\\laravel\\framework\\src\\Illuminate\\Foundation\\Http\\Middleware\\TrimStrings.php(50): Illuminate\\Foundation\\Http\\Middleware\\TransformsRequest->handle(Object(Illuminate\\Http\\Request), Object(Closure))
#44 C:\\Users\\piotr\\Desktop\\Studia\\Semestr 4\\AI1\\Zadania\\Lab9\\Lab9 pliki\\vendor\\laravel\\framework\\src\\Illuminate\\Pipeline\\Pipeline.php(183): Illuminate\\Foundation\\Http\\Middleware\\TrimStrings->handle(Object(Illuminate\\Http\\Request), Object(Closure))
#45 C:\\Users\\piotr\\Desktop\\Studia\\Semestr 4\\AI1\\Zadania\\Lab9\\Lab9 pliki\\vendor\\laravel\\framework\\src\\Illuminate\\Http\\Middleware\\ValidatePostSize.php(27): Illuminate\\Pipeline\\Pipeline->Illuminate\\Pipeline\\{closure}(Object(Illuminate\\Http\\Request))
#46 C:\\Users\\piotr\\Desktop\\Studia\\Semestr 4\\AI1\\Zadania\\Lab9\\Lab9 pliki\\vendor\\laravel\\framework\\src\\Illuminate\\Pipeline\\Pipeline.php(183): Illuminate\\Http\\Middleware\\ValidatePostSize->handle(Object(Illuminate\\Http\\Request), Object(Closure))
#47 C:\\Users\\piotr\\Desktop\\Studia\\Semestr 4\\AI1\\Zadania\\Lab9\\Lab9 pliki\\vendor\\laravel\\framework\\src\\Illuminate\\Foundation\\Http\\Middleware\\PreventRequestsDuringMaintenance.php(110): Illuminate\\Pipeline\\Pipeline->Illuminate\\Pipeline\\{closure}(Object(Illuminate\\Http\\Request))
#48 C:\\Users\\piotr\\Desktop\\Studia\\Semestr 4\\AI1\\Zadania\\Lab9\\Lab9 pliki\\vendor\\laravel\\framework\\src\\Illuminate\\Pipeline\\Pipeline.php(183): Illuminate\\Foundation\\Http\\Middleware\\PreventRequestsDuringMaintenance->handle(Object(Illuminate\\Http\\Request), Object(Closure))
#49 C:\\Users\\piotr\\Desktop\\Studia\\Semestr 4\\AI1\\Zadania\\Lab9\\Lab9 pliki\\vendor\\laravel\\framework\\src\\Illuminate\\Http\\Middleware\\HandleCors.php(49): Illuminate\\Pipeline\\Pipeline->Illuminate\\Pipeline\\{closure}(Object(Illuminate\\Http\\Request))
#50 C:\\Users\\piotr\\Desktop\\Studia\\Semestr 4\\AI1\\Zadania\\Lab9\\Lab9 pliki\\vendor\\laravel\\framework\\src\\Illuminate\\Pipeline\\Pipeline.php(183): Illuminate\\Http\\Middleware\\HandleCors->handle(Object(Illuminate\\Http\\Request), Object(Closure))
#51 C:\\Users\\piotr\\Desktop\\Studia\\Semestr 4\\AI1\\Zadania\\Lab9\\Lab9 pliki\\vendor\\laravel\\framework\\src\\Illuminate\\Http\\Middleware\\TrustProxies.php(57): Illuminate\\Pipeline\\Pipeline->Illuminate\\Pipeline\\{closure}(Object(Illuminate\\Http\\Request))
#52 C:\\Users\\piotr\\Desktop\\Studia\\Semestr 4\\AI1\\Zadania\\Lab9\\Lab9 pliki\\vendor\\laravel\\framework\\src\\Illuminate\\Pipeline\\Pipeline.php(183): Illuminate\\Http\\Middleware\\TrustProxies->handle(Object(Illuminate\\Http\\Request), Object(Closure))
#53 C:\\Users\\piotr\\Desktop\\Studia\\Semestr 4\\AI1\\Zadania\\Lab9\\Lab9 pliki\\vendor\\laravel\\framework\\src\\Illuminate\\Pipeline\\Pipeline.php(119): Illuminate\\Pipeline\\Pipeline->Illuminate\\Pipeline\\{closure}(Object(Illuminate\\Http\\Request))
#54 C:\\Users\\piotr\\Desktop\\Studia\\Semestr 4\\AI1\\Zadania\\Lab9\\Lab9 pliki\\vendor\\laravel\\framework\\src\\Illuminate\\Foundation\\Http\\Kernel.php(175): Illuminate\\Pipeline\\Pipeline->then(Object(Closure))
#55 C:\\Users\\piotr\\Desktop\\Studia\\Semestr 4\\AI1\\Zadania\\Lab9\\Lab9 pliki\\vendor\\laravel\\framework\\src\\Illuminate\\Foundation\\Http\\Kernel.php(144): Illuminate\\Foundation\\Http\\Kernel->sendRequestThroughRouter(Object(Illuminate\\Http\\Request))
#56 C:\\Users\\piotr\\Desktop\\Studia\\Semestr 4\\AI1\\Zadania\\Lab9\\Lab9 pliki\\vendor\\laravel\\framework\\src\\Illuminate\\Foundation\\Application.php(1168): Illuminate\\Foundation\\Http\\Kernel->handle(Object(Illuminate\\Http\\Request))
#57 C:\\Users\\piotr\\Desktop\\Studia\\Semestr 4\\AI1\\Zadania\\Lab9\\Lab9 pliki\\public\\index.php(17): Illuminate\\Foundation\\Application->handleRequest(Object(Illuminate\\Http\\Request))
#58 C:\\Users\\piotr\\Desktop\\Studia\\Semestr 4\\AI1\\Zadania\\Lab9\\Lab9 pliki\\vendor\\laravel\\framework\\src\\Illuminate\\Foundation\\resources\\server.php(16): require_once('C:\\\\Users\\\\piotr\\\\...')
#59 {main}

[previous exception] [object] (PDOException(code: 23000): SQLSTATE[23000]: Integrity constraint violation: 1451 Cannot delete or update a parent row: a foreign key constraint fails (`ai1_lab9`.`trips`, CONSTRAINT `trips_country_id_foreign` FOREIGN KEY (`country_id`) REFERENCES `countries` (`id`)) at C:\\Users\\piotr\\Desktop\\Studia\\Semestr 4\\AI1\\Zadania\\Lab9\\Lab9 pliki\\vendor\\laravel\\framework\\src\\Illuminate\\Database\\Connection.php:596)
[stacktrace]
#0 C:\\Users\\piotr\\Desktop\\Studia\\Semestr 4\\AI1\\Zadania\\Lab9\\Lab9 pliki\\vendor\\laravel\\framework\\src\\Illuminate\\Database\\Connection.php(596): PDOStatement->execute()
#1 C:\\Users\\piotr\\Desktop\\Studia\\Semestr 4\\AI1\\Zadania\\Lab9\\Lab9 pliki\\vendor\\laravel\\framework\\src\\Illuminate\\Database\\Connection.php(800): Illuminate\\Database\\Connection->Illuminate\\Database\\{closure}('delete from `co...', Array)
#2 C:\\Users\\piotr\\Desktop\\Studia\\Semestr 4\\AI1\\Zadania\\Lab9\\Lab9 pliki\\vendor\\laravel\\framework\\src\\Illuminate\\Database\\Connection.php(767): Illuminate\\Database\\Connection->runQueryCallback('delete from `co...', Array, Object(Closure))
#3 C:\\Users\\piotr\\Desktop\\Studia\\Semestr 4\\AI1\\Zadania\\Lab9\\Lab9 pliki\\vendor\\laravel\\framework\\src\\Illuminate\\Database\\Connection.php(584): Illuminate\\Database\\Connection->run('delete from `co...', Array, Object(Closure))
#4 C:\\Users\\piotr\\Desktop\\Studia\\Semestr 4\\AI1\\Zadania\\Lab9\\Lab9 pliki\\vendor\\laravel\\framework\\src\\Illuminate\\Database\\Connection.php(548): Illuminate\\Database\\Connection->affectingStatement('delete from `co...', Array)
#5 C:\\Users\\piotr\\Desktop\\Studia\\Semestr 4\\AI1\\Zadania\\Lab9\\Lab9 pliki\\vendor\\laravel\\framework\\src\\Illuminate\\Database\\Query\\Builder.php(3817): Illuminate\\Database\\Connection->delete('delete from `co...', Array)
#6 C:\\Users\\piotr\\Desktop\\Studia\\Semestr 4\\AI1\\Zadania\\Lab9\\Lab9 pliki\\vendor\\laravel\\framework\\src\\Illuminate\\Database\\Eloquent\\Builder.php(1274): Illuminate\\Database\\Query\\Builder->delete()
#7 C:\\Users\\piotr\\Desktop\\Studia\\Semestr 4\\AI1\\Zadania\\Lab9\\Lab9 pliki\\vendor\\laravel\\framework\\src\\Illuminate\\Database\\Eloquent\\Model.php(1467): Illuminate\\Database\\Eloquent\\Builder->delete()
#8 C:\\Users\\piotr\\Desktop\\Studia\\Semestr 4\\AI1\\Zadania\\Lab9\\Lab9 pliki\\vendor\\laravel\\framework\\src\\Illuminate\\Database\\Eloquent\\Model.php(1412): Illuminate\\Database\\Eloquent\\Model->performDeleteOnModel()
#9 C:\\Users\\piotr\\Desktop\\Studia\\Semestr 4\\AI1\\Zadania\\Lab9\\Lab9 pliki\\app\\Http\\Controllers\\CountryController.php(80): Illuminate\\Database\\Eloquent\\Model->delete()
#10 C:\\Users\\piotr\\Desktop\\Studia\\Semestr 4\\AI1\\Zadania\\Lab9\\Lab9 pliki\\vendor\\laravel\\framework\\src\\Illuminate\\Routing\\ControllerDispatcher.php(46): App\\Http\\Controllers\\CountryController->destroy(Object(App\\Models\\Country))
#11 C:\\Users\\piotr\\Desktop\\Studia\\Semestr 4\\AI1\\Zadania\\Lab9\\Lab9 pliki\\vendor\\laravel\\framework\\src\\Illuminate\\Routing\\Route.php(260): Illuminate\\Routing\\ControllerDispatcher->dispatch(Object(Illuminate\\Routing\\Route), Object(App\\Http\\Controllers\\CountryController), 'destroy')
#12 C:\\Users\\piotr\\Desktop\\Studia\\Semestr 4\\AI1\\Zadania\\Lab9\\Lab9 pliki\\vendor\\laravel\\framework\\src\\Illuminate\\Routing\\Route.php(206): Illuminate\\Routing\\Route->runController()
#13 C:\\Users\\piotr\\Desktop\\Studia\\Semestr 4\\AI1\\Zadania\\Lab9\\Lab9 pliki\\vendor\\laravel\\framework\\src\\Illuminate\\Routing\\Router.php(806): Illuminate\\Routing\\Route->run()
#14 C:\\Users\\piotr\\Desktop\\Studia\\Semestr 4\\AI1\\Zadania\\Lab9\\Lab9 pliki\\vendor\\laravel\\framework\\src\\Illuminate\\Pipeline\\Pipeline.php(144): Illuminate\\Routing\\Router->Illuminate\\Routing\\{closure}(Object(Illuminate\\Http\\Request))
#15 C:\\Users\\piotr\\Desktop\\Studia\\Semestr 4\\AI1\\Zadania\\Lab9\\Lab9 pliki\\app\\Http\\Middleware\\LogActivity.php(29): Illuminate\\Pipeline\\Pipeline->Illuminate\\Pipeline\\{closure}(Object(Illuminate\\Http\\Request))
#16 C:\\Users\\piotr\\Desktop\\Studia\\Semestr 4\\AI1\\Zadania\\Lab9\\Lab9 pliki\\vendor\\laravel\\framework\\src\\Illuminate\\Pipeline\\Pipeline.php(183): App\\Http\\Middleware\\LogActivity->handle(Object(Illuminate\\Http\\Request), Object(Closure))
#17 C:\\Users\\piotr\\Desktop\\Studia\\Semestr 4\\AI1\\Zadania\\Lab9\\Lab9 pliki\\vendor\\laravel\\framework\\src\\Illuminate\\Routing\\Middleware\\SubstituteBindings.php(50): Illuminate\\Pipeline\\Pipeline->Illuminate\\Pipeline\\{closure}(Object(Illuminate\\Http\\Request))
#18 C:\\Users\\piotr\\Desktop\\Studia\\Semestr 4\\AI1\\Zadania\\Lab9\\Lab9 pliki\\vendor\\laravel\\framework\\src\\Illuminate\\Pipeline\\Pipeline.php(183): Illuminate\\Routing\\Middleware\\SubstituteBindings->handle(Object(Illuminate\\Http\\Request), Object(Closure))
#19 C:\\Users\\piotr\\Desktop\\Studia\\Semestr 4\\AI1\\Zadania\\Lab9\\Lab9 pliki\\vendor\\laravel\\framework\\src\\Illuminate\\Auth\\Middleware\\Authenticate.php(64): Illuminate\\Pipeline\\Pipeline->Illuminate\\Pipeline\\{closure}(Object(Illuminate\\Http\\Request))
#20 C:\\Users\\piotr\\Desktop\\Studia\\Semestr 4\\AI1\\Zadania\\Lab9\\Lab9 pliki\\vendor\\laravel\\framework\\src\\Illuminate\\Pipeline\\Pipeline.php(183): Illuminate\\Auth\\Middleware\\Authenticate->handle(Object(Illuminate\\Http\\Request), Object(Closure))
#21 C:\\Users\\piotr\\Desktop\\Studia\\Semestr 4\\AI1\\Zadania\\Lab9\\Lab9 pliki\\vendor\\laravel\\framework\\src\\Illuminate\\Foundation\\Http\\Middleware\\VerifyCsrfToken.php(88): Illuminate\\Pipeline\\Pipeline->Illuminate\\Pipeline\\{closure}(Object(Illuminate\\Http\\Request))
#22 C:\\Users\\piotr\\Desktop\\Studia\\Semestr 4\\AI1\\Zadania\\Lab9\\Lab9 pliki\\vendor\\laravel\\framework\\src\\Illuminate\\Pipeline\\Pipeline.php(183): Illuminate\\Foundation\\Http\\Middleware\\VerifyCsrfToken->handle(Object(Illuminate\\Http\\Request), Object(Closure))
#23 C:\\Users\\piotr\\Desktop\\Studia\\Semestr 4\\AI1\\Zadania\\Lab9\\Lab9 pliki\\vendor\\laravel\\framework\\src\\Illuminate\\View\\Middleware\\ShareErrorsFromSession.php(49): Illuminate\\Pipeline\\Pipeline->Illuminate\\Pipeline\\{closure}(Object(Illuminate\\Http\\Request))
#24 C:\\Users\\piotr\\Desktop\\Studia\\Semestr 4\\AI1\\Zadania\\Lab9\\Lab9 pliki\\vendor\\laravel\\framework\\src\\Illuminate\\Pipeline\\Pipeline.php(183): Illuminate\\View\\Middleware\\ShareErrorsFromSession->handle(Object(Illuminate\\Http\\Request), Object(Closure))
#25 C:\\Users\\piotr\\Desktop\\Studia\\Semestr 4\\AI1\\Zadania\\Lab9\\Lab9 pliki\\vendor\\laravel\\framework\\src\\Illuminate\\Session\\Middleware\\StartSession.php(121): Illuminate\\Pipeline\\Pipeline->Illuminate\\Pipeline\\{closure}(Object(Illuminate\\Http\\Request))
#26 C:\\Users\\piotr\\Desktop\\Studia\\Semestr 4\\AI1\\Zadania\\Lab9\\Lab9 pliki\\vendor\\laravel\\framework\\src\\Illuminate\\Session\\Middleware\\StartSession.php(64): Illuminate\\Session\\Middleware\\StartSession->handleStatefulRequest(Object(Illuminate\\Http\\Request), Object(Illuminate\\Session\\Store), Object(Closure))
#27 C:\\Users\\piotr\\Desktop\\Studia\\Semestr 4\\AI1\\Zadania\\Lab9\\Lab9 pliki\\vendor\\laravel\\framework\\src\\Illuminate\\Pipeline\\Pipeline.php(183): Illuminate\\Session\\Middleware\\StartSession->handle(Object(Illuminate\\Http\\Request), Object(Closure))
#28 C:\\Users\\piotr\\Desktop\\Studia\\Semestr 4\\AI1\\Zadania\\Lab9\\Lab9 pliki\\vendor\\laravel\\framework\\src\\Illuminate\\Cookie\\Middleware\\AddQueuedCookiesToResponse.php(37): Illuminate\\Pipeline\\Pipeline->Illuminate\\Pipeline\\{closure}(Object(Illuminate\\Http\\Request))
#29 C:\\Users\\piotr\\Desktop\\Studia\\Semestr 4\\AI1\\Zadania\\Lab9\\Lab9 pliki\\vendor\\laravel\\framework\\src\\Illuminate\\Pipeline\\Pipeline.php(183): Illuminate\\Cookie\\Middleware\\AddQueuedCookiesToResponse->handle(Object(Illuminate\\Http\\Request), Object(Closure))
#30 C:\\Users\\piotr\\Desktop\\Studia\\Semestr 4\\AI1\\Zadania\\Lab9\\Lab9 pliki\\vendor\\laravel\\framework\\src\\Illuminate\\Cookie\\Middleware\\EncryptCookies.php(75): Illuminate\\Pipeline\\Pipeline->Illuminate\\Pipeline\\{closure}(Object(Illuminate\\Http\\Request))
#31 C:\\Users\\piotr\\Desktop\\Studia\\Semestr 4\\AI1\\Zadania\\Lab9\\Lab9 pliki\\vendor\\laravel\\framework\\src\\Illuminate\\Pipeline\\Pipeline.php(183): Illuminate\\Cookie\\Middleware\\EncryptCookies->handle(Object(Illuminate\\Http\\Request), Object(Closure))
#32 C:\\Users\\piotr\\Desktop\\Studia\\Semestr 4\\AI1\\Zadania\\Lab9\\Lab9 pliki\\vendor\\laravel\\framework\\src\\Illuminate\\Pipeline\\Pipeline.php(119): Illuminate\\Pipeline\\Pipeline->Illuminate\\Pipeline\\{closure}(Object(Illuminate\\Http\\Request))
#33 C:\\Users\\piotr\\Desktop\\Studia\\Semestr 4\\AI1\\Zadania\\Lab9\\Lab9 pliki\\vendor\\laravel\\framework\\src\\Illuminate\\Routing\\Router.php(805): Illuminate\\Pipeline\\Pipeline->then(Object(Closure))
#34 C:\\Users\\piotr\\Desktop\\Studia\\Semestr 4\\AI1\\Zadania\\Lab9\\Lab9 pliki\\vendor\\laravel\\framework\\src\\Illuminate\\Routing\\Router.php(784): Illuminate\\Routing\\Router->runRouteWithinStack(Object(Illuminate\\Routing\\Route), Object(Illuminate\\Http\\Request))
#35 C:\\Users\\piotr\\Desktop\\Studia\\Semestr 4\\AI1\\Zadania\\Lab9\\Lab9 pliki\\vendor\\laravel\\framework\\src\\Illuminate\\Routing\\Router.php(748): Illuminate\\Routing\\Router->runRoute(Object(Illuminate\\Http\\Request), Object(Illuminate\\Routing\\Route))
#36 C:\\Users\\piotr\\Desktop\\Studia\\Semestr 4\\AI1\\Zadania\\Lab9\\Lab9 pliki\\vendor\\laravel\\framework\\src\\Illuminate\\Routing\\Router.php(737): Illuminate\\Routing\\Router->dispatchToRoute(Object(Illuminate\\Http\\Request))
#37 C:\\Users\\piotr\\Desktop\\Studia\\Semestr 4\\AI1\\Zadania\\Lab9\\Lab9 pliki\\vendor\\laravel\\framework\\src\\Illuminate\\Foundation\\Http\\Kernel.php(200): Illuminate\\Routing\\Router->dispatch(Object(Illuminate\\Http\\Request))
#38 C:\\Users\\piotr\\Desktop\\Studia\\Semestr 4\\AI1\\Zadania\\Lab9\\Lab9 pliki\\vendor\\laravel\\framework\\src\\Illuminate\\Pipeline\\Pipeline.php(144): Illuminate\\Foundation\\Http\\Kernel->Illuminate\\Foundation\\Http\\{closure}(Object(Illuminate\\Http\\Request))
#39 C:\\Users\\piotr\\Desktop\\Studia\\Semestr 4\\AI1\\Zadania\\Lab9\\Lab9 pliki\\vendor\\barryvdh\\laravel-debugbar\\src\\Middleware\\InjectDebugbar.php(66): Illuminate\\Pipeline\\Pipeline->Illuminate\\Pipeline\\{closure}(Object(Illuminate\\Http\\Request))
#40 C:\\Users\\piotr\\Desktop\\Studia\\Semestr 4\\AI1\\Zadania\\Lab9\\Lab9 pliki\\vendor\\laravel\\framework\\src\\Illuminate\\Pipeline\\Pipeline.php(183): Barryvdh\\Debugbar\\Middleware\\InjectDebugbar->handle(Object(Illuminate\\Http\\Request), Object(Closure))
#41 C:\\Users\\piotr\\Desktop\\Studia\\Semestr 4\\AI1\\Zadania\\Lab9\\Lab9 pliki\\vendor\\laravel\\framework\\src\\Illuminate\\Foundation\\Http\\Middleware\\TransformsRequest.php(21): Illuminate\\Pipeline\\Pipeline->Illuminate\\Pipeline\\{closure}(Object(Illuminate\\Http\\Request))
#42 C:\\Users\\piotr\\Desktop\\Studia\\Semestr 4\\AI1\\Zadania\\Lab9\\Lab9 pliki\\vendor\\laravel\\framework\\src\\Illuminate\\Foundation\\Http\\Middleware\\ConvertEmptyStringsToNull.php(31): Illuminate\\Foundation\\Http\\Middleware\\TransformsRequest->handle(Object(Illuminate\\Http\\Request), Object(Closure))
#43 C:\\Users\\piotr\\Desktop\\Studia\\Semestr 4\\AI1\\Zadania\\Lab9\\Lab9 pliki\\vendor\\laravel\\framework\\src\\Illuminate\\Pipeline\\Pipeline.php(183): Illuminate\\Foundation\\Http\\Middleware\\ConvertEmptyStringsToNull->handle(Object(Illuminate\\Http\\Request), Object(Closure))
#44 C:\\Users\\piotr\\Desktop\\Studia\\Semestr 4\\AI1\\Zadania\\Lab9\\Lab9 pliki\\vendor\\laravel\\framework\\src\\Illuminate\\Foundation\\Http\\Middleware\\TransformsRequest.php(21): Illuminate\\Pipeline\\Pipeline->Illuminate\\Pipeline\\{closure}(Object(Illuminate\\Http\\Request))
#45 C:\\Users\\piotr\\Desktop\\Studia\\Semestr 4\\AI1\\Zadania\\Lab9\\Lab9 pliki\\vendor\\laravel\\framework\\src\\Illuminate\\Foundation\\Http\\Middleware\\TrimStrings.php(50): Illuminate\\Foundation\\Http\\Middleware\\TransformsRequest->handle(Object(Illuminate\\Http\\Request), Object(Closure))
#46 C:\\Users\\piotr\\Desktop\\Studia\\Semestr 4\\AI1\\Zadania\\Lab9\\Lab9 pliki\\vendor\\laravel\\framework\\src\\Illuminate\\Pipeline\\Pipeline.php(183): Illuminate\\Foundation\\Http\\Middleware\\TrimStrings->handle(Object(Illuminate\\Http\\Request), Object(Closure))
#47 C:\\Users\\piotr\\Desktop\\Studia\\Semestr 4\\AI1\\Zadania\\Lab9\\Lab9 pliki\\vendor\\laravel\\framework\\src\\Illuminate\\Http\\Middleware\\ValidatePostSize.php(27): Illuminate\\Pipeline\\Pipeline->Illuminate\\Pipeline\\{closure}(Object(Illuminate\\Http\\Request))
#48 C:\\Users\\piotr\\Desktop\\Studia\\Semestr 4\\AI1\\Zadania\\Lab9\\Lab9 pliki\\vendor\\laravel\\framework\\src\\Illuminate\\Pipeline\\Pipeline.php(183): Illuminate\\Http\\Middleware\\ValidatePostSize->handle(Object(Illuminate\\Http\\Request), Object(Closure))
#49 C:\\Users\\piotr\\Desktop\\Studia\\Semestr 4\\AI1\\Zadania\\Lab9\\Lab9 pliki\\vendor\\laravel\\framework\\src\\Illuminate\\Foundation\\Http\\Middleware\\PreventRequestsDuringMaintenance.php(110): Illuminate\\Pipeline\\Pipeline->Illuminate\\Pipeline\\{closure}(Object(Illuminate\\Http\\Request))
#50 C:\\Users\\piotr\\Desktop\\Studia\\Semestr 4\\AI1\\Zadania\\Lab9\\Lab9 pliki\\vendor\\laravel\\framework\\src\\Illuminate\\Pipeline\\Pipeline.php(183): Illuminate\\Foundation\\Http\\Middleware\\PreventRequestsDuringMaintenance->handle(Object(Illuminate\\Http\\Request), Object(Closure))
#51 C:\\Users\\piotr\\Desktop\\Studia\\Semestr 4\\AI1\\Zadania\\Lab9\\Lab9 pliki\\vendor\\laravel\\framework\\src\\Illuminate\\Http\\Middleware\\HandleCors.php(49): Illuminate\\Pipeline\\Pipeline->Illuminate\\Pipeline\\{closure}(Object(Illuminate\\Http\\Request))
#52 C:\\Users\\piotr\\Desktop\\Studia\\Semestr 4\\AI1\\Zadania\\Lab9\\Lab9 pliki\\vendor\\laravel\\framework\\src\\Illuminate\\Pipeline\\Pipeline.php(183): Illuminate\\Http\\Middleware\\HandleCors->handle(Object(Illuminate\\Http\\Request), Object(Closure))
#53 C:\\Users\\piotr\\Desktop\\Studia\\Semestr 4\\AI1\\Zadania\\Lab9\\Lab9 pliki\\vendor\\laravel\\framework\\src\\Illuminate\\Http\\Middleware\\TrustProxies.php(57): Illuminate\\Pipeline\\Pipeline->Illuminate\\Pipeline\\{closure}(Object(Illuminate\\Http\\Request))
#54 C:\\Users\\piotr\\Desktop\\Studia\\Semestr 4\\AI1\\Zadania\\Lab9\\Lab9 pliki\\vendor\\laravel\\framework\\src\\Illuminate\\Pipeline\\Pipeline.php(183): Illuminate\\Http\\Middleware\\TrustProxies->handle(Object(Illuminate\\Http\\Request), Object(Closure))
#55 C:\\Users\\piotr\\Desktop\\Studia\\Semestr 4\\AI1\\Zadania\\Lab9\\Lab9 pliki\\vendor\\laravel\\framework\\src\\Illuminate\\Pipeline\\Pipeline.php(119): Illuminate\\Pipeline\\Pipeline->Illuminate\\Pipeline\\{closure}(Object(Illuminate\\Http\\Request))
#56 C:\\Users\\piotr\\Desktop\\Studia\\Semestr 4\\AI1\\Zadania\\Lab9\\Lab9 pliki\\vendor\\laravel\\framework\\src\\Illuminate\\Foundation\\Http\\Kernel.php(175): Illuminate\\Pipeline\\Pipeline->then(Object(Closure))
#57 C:\\Users\\piotr\\Desktop\\Studia\\Semestr 4\\AI1\\Zadania\\Lab9\\Lab9 pliki\\vendor\\laravel\\framework\\src\\Illuminate\\Foundation\\Http\\Kernel.php(144): Illuminate\\Foundation\\Http\\Kernel->sendRequestThroughRouter(Object(Illuminate\\Http\\Request))
#58 C:\\Users\\piotr\\Desktop\\Studia\\Semestr 4\\AI1\\Zadania\\Lab9\\Lab9 pliki\\vendor\\laravel\\framework\\src\\Illuminate\\Foundation\\Application.php(1168): Illuminate\\Foundation\\Http\\Kernel->handle(Object(Illuminate\\Http\\Request))
#59 C:\\Users\\piotr\\Desktop\\Studia\\Semestr 4\\AI1\\Zadania\\Lab9\\Lab9 pliki\\public\\index.php(17): Illuminate\\Foundation\\Application->handleRequest(Object(Illuminate\\Http\\Request))
#60 C:\\Users\\piotr\\Desktop\\Studia\\Semestr 4\\AI1\\Zadania\\Lab9\\Lab9 pliki\\vendor\\laravel\\framework\\src\\Illuminate\\Foundation\\resources\\server.php(16): require_once('C:\\\\Users\\\\piotr\\\\...')
#61 {main}
"} 
[2024-07-14 12:56:46] local.NOTICE: 'jan@email.com' did GET on '/countries'  
[2024-07-14 12:56:49] local.NOTICE: 'jan@email.com' did DELETE on '/countries/1'  
[2024-07-14 12:56:49] local.ERROR: SQLSTATE[23000]: Integrity constraint violation: 1451 Cannot delete or update a parent row: a foreign key constraint fails (`ai1_lab9`.`trips`, CONSTRAINT `trips_country_id_foreign` FOREIGN KEY (`country_id`) REFERENCES `countries` (`id`)) (Connection: mysql, SQL: delete from `countries` where `id` = 1) {"userId":1,"exception":"[object] (Illuminate\\Database\\QueryException(code: 23000): SQLSTATE[23000]: Integrity constraint violation: 1451 Cannot delete or update a parent row: a foreign key constraint fails (`ai1_lab9`.`trips`, CONSTRAINT `trips_country_id_foreign` FOREIGN KEY (`country_id`) REFERENCES `countries` (`id`)) (Connection: mysql, SQL: delete from `countries` where `id` = 1) at C:\\Users\\piotr\\Desktop\\Studia\\Semestr 4\\AI1\\Zadania\\Lab9\\Lab9 pliki\\vendor\\laravel\\framework\\src\\Illuminate\\Database\\Connection.php:813)
[stacktrace]
#0 C:\\Users\\piotr\\Desktop\\Studia\\Semestr 4\\AI1\\Zadania\\Lab9\\Lab9 pliki\\vendor\\laravel\\framework\\src\\Illuminate\\Database\\Connection.php(767): Illuminate\\Database\\Connection->runQueryCallback('delete from `co...', Array, Object(Closure))
#1 C:\\Users\\piotr\\Desktop\\Studia\\Semestr 4\\AI1\\Zadania\\Lab9\\Lab9 pliki\\vendor\\laravel\\framework\\src\\Illuminate\\Database\\Connection.php(584): Illuminate\\Database\\Connection->run('delete from `co...', Array, Object(Closure))
#2 C:\\Users\\piotr\\Desktop\\Studia\\Semestr 4\\AI1\\Zadania\\Lab9\\Lab9 pliki\\vendor\\laravel\\framework\\src\\Illuminate\\Database\\Connection.php(548): Illuminate\\Database\\Connection->affectingStatement('delete from `co...', Array)
#3 C:\\Users\\piotr\\Desktop\\Studia\\Semestr 4\\AI1\\Zadania\\Lab9\\Lab9 pliki\\vendor\\laravel\\framework\\src\\Illuminate\\Database\\Query\\Builder.php(3817): Illuminate\\Database\\Connection->delete('delete from `co...', Array)
#4 C:\\Users\\piotr\\Desktop\\Studia\\Semestr 4\\AI1\\Zadania\\Lab9\\Lab9 pliki\\vendor\\laravel\\framework\\src\\Illuminate\\Database\\Eloquent\\Builder.php(1274): Illuminate\\Database\\Query\\Builder->delete()
#5 C:\\Users\\piotr\\Desktop\\Studia\\Semestr 4\\AI1\\Zadania\\Lab9\\Lab9 pliki\\vendor\\laravel\\framework\\src\\Illuminate\\Database\\Eloquent\\Model.php(1467): Illuminate\\Database\\Eloquent\\Builder->delete()
#6 C:\\Users\\piotr\\Desktop\\Studia\\Semestr 4\\AI1\\Zadania\\Lab9\\Lab9 pliki\\vendor\\laravel\\framework\\src\\Illuminate\\Database\\Eloquent\\Model.php(1412): Illuminate\\Database\\Eloquent\\Model->performDeleteOnModel()
#7 C:\\Users\\piotr\\Desktop\\Studia\\Semestr 4\\AI1\\Zadania\\Lab9\\Lab9 pliki\\app\\Http\\Controllers\\CountryController.php(80): Illuminate\\Database\\Eloquent\\Model->delete()
#8 C:\\Users\\piotr\\Desktop\\Studia\\Semestr 4\\AI1\\Zadania\\Lab9\\Lab9 pliki\\vendor\\laravel\\framework\\src\\Illuminate\\Routing\\ControllerDispatcher.php(46): App\\Http\\Controllers\\CountryController->destroy(Object(App\\Models\\Country))
#9 C:\\Users\\piotr\\Desktop\\Studia\\Semestr 4\\AI1\\Zadania\\Lab9\\Lab9 pliki\\vendor\\laravel\\framework\\src\\Illuminate\\Routing\\Route.php(260): Illuminate\\Routing\\ControllerDispatcher->dispatch(Object(Illuminate\\Routing\\Route), Object(App\\Http\\Controllers\\CountryController), 'destroy')
#10 C:\\Users\\piotr\\Desktop\\Studia\\Semestr 4\\AI1\\Zadania\\Lab9\\Lab9 pliki\\vendor\\laravel\\framework\\src\\Illuminate\\Routing\\Route.php(206): Illuminate\\Routing\\Route->runController()
#11 C:\\Users\\piotr\\Desktop\\Studia\\Semestr 4\\AI1\\Zadania\\Lab9\\Lab9 pliki\\vendor\\laravel\\framework\\src\\Illuminate\\Routing\\Router.php(806): Illuminate\\Routing\\Route->run()
#12 C:\\Users\\piotr\\Desktop\\Studia\\Semestr 4\\AI1\\Zadania\\Lab9\\Lab9 pliki\\vendor\\laravel\\framework\\src\\Illuminate\\Pipeline\\Pipeline.php(144): Illuminate\\Routing\\Router->Illuminate\\Routing\\{closure}(Object(Illuminate\\Http\\Request))
#13 C:\\Users\\piotr\\Desktop\\Studia\\Semestr 4\\AI1\\Zadania\\Lab9\\Lab9 pliki\\app\\Http\\Middleware\\LogActivity.php(29): Illuminate\\Pipeline\\Pipeline->Illuminate\\Pipeline\\{closure}(Object(Illuminate\\Http\\Request))
#14 C:\\Users\\piotr\\Desktop\\Studia\\Semestr 4\\AI1\\Zadania\\Lab9\\Lab9 pliki\\vendor\\laravel\\framework\\src\\Illuminate\\Pipeline\\Pipeline.php(183): App\\Http\\Middleware\\LogActivity->handle(Object(Illuminate\\Http\\Request), Object(Closure))
#15 C:\\Users\\piotr\\Desktop\\Studia\\Semestr 4\\AI1\\Zadania\\Lab9\\Lab9 pliki\\vendor\\laravel\\framework\\src\\Illuminate\\Routing\\Middleware\\SubstituteBindings.php(50): Illuminate\\Pipeline\\Pipeline->Illuminate\\Pipeline\\{closure}(Object(Illuminate\\Http\\Request))
#16 C:\\Users\\piotr\\Desktop\\Studia\\Semestr 4\\AI1\\Zadania\\Lab9\\Lab9 pliki\\vendor\\laravel\\framework\\src\\Illuminate\\Pipeline\\Pipeline.php(183): Illuminate\\Routing\\Middleware\\SubstituteBindings->handle(Object(Illuminate\\Http\\Request), Object(Closure))
#17 C:\\Users\\piotr\\Desktop\\Studia\\Semestr 4\\AI1\\Zadania\\Lab9\\Lab9 pliki\\vendor\\laravel\\framework\\src\\Illuminate\\Auth\\Middleware\\Authenticate.php(64): Illuminate\\Pipeline\\Pipeline->Illuminate\\Pipeline\\{closure}(Object(Illuminate\\Http\\Request))
#18 C:\\Users\\piotr\\Desktop\\Studia\\Semestr 4\\AI1\\Zadania\\Lab9\\Lab9 pliki\\vendor\\laravel\\framework\\src\\Illuminate\\Pipeline\\Pipeline.php(183): Illuminate\\Auth\\Middleware\\Authenticate->handle(Object(Illuminate\\Http\\Request), Object(Closure))
#19 C:\\Users\\piotr\\Desktop\\Studia\\Semestr 4\\AI1\\Zadania\\Lab9\\Lab9 pliki\\vendor\\laravel\\framework\\src\\Illuminate\\Foundation\\Http\\Middleware\\VerifyCsrfToken.php(88): Illuminate\\Pipeline\\Pipeline->Illuminate\\Pipeline\\{closure}(Object(Illuminate\\Http\\Request))
#20 C:\\Users\\piotr\\Desktop\\Studia\\Semestr 4\\AI1\\Zadania\\Lab9\\Lab9 pliki\\vendor\\laravel\\framework\\src\\Illuminate\\Pipeline\\Pipeline.php(183): Illuminate\\Foundation\\Http\\Middleware\\VerifyCsrfToken->handle(Object(Illuminate\\Http\\Request), Object(Closure))
#21 C:\\Users\\piotr\\Desktop\\Studia\\Semestr 4\\AI1\\Zadania\\Lab9\\Lab9 pliki\\vendor\\laravel\\framework\\src\\Illuminate\\View\\Middleware\\ShareErrorsFromSession.php(49): Illuminate\\Pipeline\\Pipeline->Illuminate\\Pipeline\\{closure}(Object(Illuminate\\Http\\Request))
#22 C:\\Users\\piotr\\Desktop\\Studia\\Semestr 4\\AI1\\Zadania\\Lab9\\Lab9 pliki\\vendor\\laravel\\framework\\src\\Illuminate\\Pipeline\\Pipeline.php(183): Illuminate\\View\\Middleware\\ShareErrorsFromSession->handle(Object(Illuminate\\Http\\Request), Object(Closure))
#23 C:\\Users\\piotr\\Desktop\\Studia\\Semestr 4\\AI1\\Zadania\\Lab9\\Lab9 pliki\\vendor\\laravel\\framework\\src\\Illuminate\\Session\\Middleware\\StartSession.php(121): Illuminate\\Pipeline\\Pipeline->Illuminate\\Pipeline\\{closure}(Object(Illuminate\\Http\\Request))
#24 C:\\Users\\piotr\\Desktop\\Studia\\Semestr 4\\AI1\\Zadania\\Lab9\\Lab9 pliki\\vendor\\laravel\\framework\\src\\Illuminate\\Session\\Middleware\\StartSession.php(64): Illuminate\\Session\\Middleware\\StartSession->handleStatefulRequest(Object(Illuminate\\Http\\Request), Object(Illuminate\\Session\\Store), Object(Closure))
#25 C:\\Users\\piotr\\Desktop\\Studia\\Semestr 4\\AI1\\Zadania\\Lab9\\Lab9 pliki\\vendor\\laravel\\framework\\src\\Illuminate\\Pipeline\\Pipeline.php(183): Illuminate\\Session\\Middleware\\StartSession->handle(Object(Illuminate\\Http\\Request), Object(Closure))
#26 C:\\Users\\piotr\\Desktop\\Studia\\Semestr 4\\AI1\\Zadania\\Lab9\\Lab9 pliki\\vendor\\laravel\\framework\\src\\Illuminate\\Cookie\\Middleware\\AddQueuedCookiesToResponse.php(37): Illuminate\\Pipeline\\Pipeline->Illuminate\\Pipeline\\{closure}(Object(Illuminate\\Http\\Request))
#27 C:\\Users\\piotr\\Desktop\\Studia\\Semestr 4\\AI1\\Zadania\\Lab9\\Lab9 pliki\\vendor\\laravel\\framework\\src\\Illuminate\\Pipeline\\Pipeline.php(183): Illuminate\\Cookie\\Middleware\\AddQueuedCookiesToResponse->handle(Object(Illuminate\\Http\\Request), Object(Closure))
#28 C:\\Users\\piotr\\Desktop\\Studia\\Semestr 4\\AI1\\Zadania\\Lab9\\Lab9 pliki\\vendor\\laravel\\framework\\src\\Illuminate\\Cookie\\Middleware\\EncryptCookies.php(75): Illuminate\\Pipeline\\Pipeline->Illuminate\\Pipeline\\{closure}(Object(Illuminate\\Http\\Request))
#29 C:\\Users\\piotr\\Desktop\\Studia\\Semestr 4\\AI1\\Zadania\\Lab9\\Lab9 pliki\\vendor\\laravel\\framework\\src\\Illuminate\\Pipeline\\Pipeline.php(183): Illuminate\\Cookie\\Middleware\\EncryptCookies->handle(Object(Illuminate\\Http\\Request), Object(Closure))
#30 C:\\Users\\piotr\\Desktop\\Studia\\Semestr 4\\AI1\\Zadania\\Lab9\\Lab9 pliki\\vendor\\laravel\\framework\\src\\Illuminate\\Pipeline\\Pipeline.php(119): Illuminate\\Pipeline\\Pipeline->Illuminate\\Pipeline\\{closure}(Object(Illuminate\\Http\\Request))
#31 C:\\Users\\piotr\\Desktop\\Studia\\Semestr 4\\AI1\\Zadania\\Lab9\\Lab9 pliki\\vendor\\laravel\\framework\\src\\Illuminate\\Routing\\Router.php(805): Illuminate\\Pipeline\\Pipeline->then(Object(Closure))
#32 C:\\Users\\piotr\\Desktop\\Studia\\Semestr 4\\AI1\\Zadania\\Lab9\\Lab9 pliki\\vendor\\laravel\\framework\\src\\Illuminate\\Routing\\Router.php(784): Illuminate\\Routing\\Router->runRouteWithinStack(Object(Illuminate\\Routing\\Route), Object(Illuminate\\Http\\Request))
#33 C:\\Users\\piotr\\Desktop\\Studia\\Semestr 4\\AI1\\Zadania\\Lab9\\Lab9 pliki\\vendor\\laravel\\framework\\src\\Illuminate\\Routing\\Router.php(748): Illuminate\\Routing\\Router->runRoute(Object(Illuminate\\Http\\Request), Object(Illuminate\\Routing\\Route))
#34 C:\\Users\\piotr\\Desktop\\Studia\\Semestr 4\\AI1\\Zadania\\Lab9\\Lab9 pliki\\vendor\\laravel\\framework\\src\\Illuminate\\Routing\\Router.php(737): Illuminate\\Routing\\Router->dispatchToRoute(Object(Illuminate\\Http\\Request))
#35 C:\\Users\\piotr\\Desktop\\Studia\\Semestr 4\\AI1\\Zadania\\Lab9\\Lab9 pliki\\vendor\\laravel\\framework\\src\\Illuminate\\Foundation\\Http\\Kernel.php(200): Illuminate\\Routing\\Router->dispatch(Object(Illuminate\\Http\\Request))
#36 C:\\Users\\piotr\\Desktop\\Studia\\Semestr 4\\AI1\\Zadania\\Lab9\\Lab9 pliki\\vendor\\laravel\\framework\\src\\Illuminate\\Pipeline\\Pipeline.php(144): Illuminate\\Foundation\\Http\\Kernel->Illuminate\\Foundation\\Http\\{closure}(Object(Illuminate\\Http\\Request))
#37 C:\\Users\\piotr\\Desktop\\Studia\\Semestr 4\\AI1\\Zadania\\Lab9\\Lab9 pliki\\vendor\\barryvdh\\laravel-debugbar\\src\\Middleware\\InjectDebugbar.php(66): Illuminate\\Pipeline\\Pipeline->Illuminate\\Pipeline\\{closure}(Object(Illuminate\\Http\\Request))
#38 C:\\Users\\piotr\\Desktop\\Studia\\Semestr 4\\AI1\\Zadania\\Lab9\\Lab9 pliki\\vendor\\laravel\\framework\\src\\Illuminate\\Pipeline\\Pipeline.php(183): Barryvdh\\Debugbar\\Middleware\\InjectDebugbar->handle(Object(Illuminate\\Http\\Request), Object(Closure))
#39 C:\\Users\\piotr\\Desktop\\Studia\\Semestr 4\\AI1\\Zadania\\Lab9\\Lab9 pliki\\vendor\\laravel\\framework\\src\\Illuminate\\Foundation\\Http\\Middleware\\TransformsRequest.php(21): Illuminate\\Pipeline\\Pipeline->Illuminate\\Pipeline\\{closure}(Object(Illuminate\\Http\\Request))
#40 C:\\Users\\piotr\\Desktop\\Studia\\Semestr 4\\AI1\\Zadania\\Lab9\\Lab9 pliki\\vendor\\laravel\\framework\\src\\Illuminate\\Foundation\\Http\\Middleware\\ConvertEmptyStringsToNull.php(31): Illuminate\\Foundation\\Http\\Middleware\\TransformsRequest->handle(Object(Illuminate\\Http\\Request), Object(Closure))
#41 C:\\Users\\piotr\\Desktop\\Studia\\Semestr 4\\AI1\\Zadania\\Lab9\\Lab9 pliki\\vendor\\laravel\\framework\\src\\Illuminate\\Pipeline\\Pipeline.php(183): Illuminate\\Foundation\\Http\\Middleware\\ConvertEmptyStringsToNull->handle(Object(Illuminate\\Http\\Request), Object(Closure))
#42 C:\\Users\\piotr\\Desktop\\Studia\\Semestr 4\\AI1\\Zadania\\Lab9\\Lab9 pliki\\vendor\\laravel\\framework\\src\\Illuminate\\Foundation\\Http\\Middleware\\TransformsRequest.php(21): Illuminate\\Pipeline\\Pipeline->Illuminate\\Pipeline\\{closure}(Object(Illuminate\\Http\\Request))
#43 C:\\Users\\piotr\\Desktop\\Studia\\Semestr 4\\AI1\\Zadania\\Lab9\\Lab9 pliki\\vendor\\laravel\\framework\\src\\Illuminate\\Foundation\\Http\\Middleware\\TrimStrings.php(50): Illuminate\\Foundation\\Http\\Middleware\\TransformsRequest->handle(Object(Illuminate\\Http\\Request), Object(Closure))
#44 C:\\Users\\piotr\\Desktop\\Studia\\Semestr 4\\AI1\\Zadania\\Lab9\\Lab9 pliki\\vendor\\laravel\\framework\\src\\Illuminate\\Pipeline\\Pipeline.php(183): Illuminate\\Foundation\\Http\\Middleware\\TrimStrings->handle(Object(Illuminate\\Http\\Request), Object(Closure))
#45 C:\\Users\\piotr\\Desktop\\Studia\\Semestr 4\\AI1\\Zadania\\Lab9\\Lab9 pliki\\vendor\\laravel\\framework\\src\\Illuminate\\Http\\Middleware\\ValidatePostSize.php(27): Illuminate\\Pipeline\\Pipeline->Illuminate\\Pipeline\\{closure}(Object(Illuminate\\Http\\Request))
#46 C:\\Users\\piotr\\Desktop\\Studia\\Semestr 4\\AI1\\Zadania\\Lab9\\Lab9 pliki\\vendor\\laravel\\framework\\src\\Illuminate\\Pipeline\\Pipeline.php(183): Illuminate\\Http\\Middleware\\ValidatePostSize->handle(Object(Illuminate\\Http\\Request), Object(Closure))
#47 C:\\Users\\piotr\\Desktop\\Studia\\Semestr 4\\AI1\\Zadania\\Lab9\\Lab9 pliki\\vendor\\laravel\\framework\\src\\Illuminate\\Foundation\\Http\\Middleware\\PreventRequestsDuringMaintenance.php(110): Illuminate\\Pipeline\\Pipeline->Illuminate\\Pipeline\\{closure}(Object(Illuminate\\Http\\Request))
#48 C:\\Users\\piotr\\Desktop\\Studia\\Semestr 4\\AI1\\Zadania\\Lab9\\Lab9 pliki\\vendor\\laravel\\framework\\src\\Illuminate\\Pipeline\\Pipeline.php(183): Illuminate\\Foundation\\Http\\Middleware\\PreventRequestsDuringMaintenance->handle(Object(Illuminate\\Http\\Request), Object(Closure))
#49 C:\\Users\\piotr\\Desktop\\Studia\\Semestr 4\\AI1\\Zadania\\Lab9\\Lab9 pliki\\vendor\\laravel\\framework\\src\\Illuminate\\Http\\Middleware\\HandleCors.php(49): Illuminate\\Pipeline\\Pipeline->Illuminate\\Pipeline\\{closure}(Object(Illuminate\\Http\\Request))
#50 C:\\Users\\piotr\\Desktop\\Studia\\Semestr 4\\AI1\\Zadania\\Lab9\\Lab9 pliki\\vendor\\laravel\\framework\\src\\Illuminate\\Pipeline\\Pipeline.php(183): Illuminate\\Http\\Middleware\\HandleCors->handle(Object(Illuminate\\Http\\Request), Object(Closure))
#51 C:\\Users\\piotr\\Desktop\\Studia\\Semestr 4\\AI1\\Zadania\\Lab9\\Lab9 pliki\\vendor\\laravel\\framework\\src\\Illuminate\\Http\\Middleware\\TrustProxies.php(57): Illuminate\\Pipeline\\Pipeline->Illuminate\\Pipeline\\{closure}(Object(Illuminate\\Http\\Request))
#52 C:\\Users\\piotr\\Desktop\\Studia\\Semestr 4\\AI1\\Zadania\\Lab9\\Lab9 pliki\\vendor\\laravel\\framework\\src\\Illuminate\\Pipeline\\Pipeline.php(183): Illuminate\\Http\\Middleware\\TrustProxies->handle(Object(Illuminate\\Http\\Request), Object(Closure))
#53 C:\\Users\\piotr\\Desktop\\Studia\\Semestr 4\\AI1\\Zadania\\Lab9\\Lab9 pliki\\vendor\\laravel\\framework\\src\\Illuminate\\Pipeline\\Pipeline.php(119): Illuminate\\Pipeline\\Pipeline->Illuminate\\Pipeline\\{closure}(Object(Illuminate\\Http\\Request))
#54 C:\\Users\\piotr\\Desktop\\Studia\\Semestr 4\\AI1\\Zadania\\Lab9\\Lab9 pliki\\vendor\\laravel\\framework\\src\\Illuminate\\Foundation\\Http\\Kernel.php(175): Illuminate\\Pipeline\\Pipeline->then(Object(Closure))
#55 C:\\Users\\piotr\\Desktop\\Studia\\Semestr 4\\AI1\\Zadania\\Lab9\\Lab9 pliki\\vendor\\laravel\\framework\\src\\Illuminate\\Foundation\\Http\\Kernel.php(144): Illuminate\\Foundation\\Http\\Kernel->sendRequestThroughRouter(Object(Illuminate\\Http\\Request))
#56 C:\\Users\\piotr\\Desktop\\Studia\\Semestr 4\\AI1\\Zadania\\Lab9\\Lab9 pliki\\vendor\\laravel\\framework\\src\\Illuminate\\Foundation\\Application.php(1168): Illuminate\\Foundation\\Http\\Kernel->handle(Object(Illuminate\\Http\\Request))
#57 C:\\Users\\piotr\\Desktop\\Studia\\Semestr 4\\AI1\\Zadania\\Lab9\\Lab9 pliki\\public\\index.php(17): Illuminate\\Foundation\\Application->handleRequest(Object(Illuminate\\Http\\Request))
#58 C:\\Users\\piotr\\Desktop\\Studia\\Semestr 4\\AI1\\Zadania\\Lab9\\Lab9 pliki\\vendor\\laravel\\framework\\src\\Illuminate\\Foundation\\resources\\server.php(16): require_once('C:\\\\Users\\\\piotr\\\\...')
#59 {main}

[previous exception] [object] (PDOException(code: 23000): SQLSTATE[23000]: Integrity constraint violation: 1451 Cannot delete or update a parent row: a foreign key constraint fails (`ai1_lab9`.`trips`, CONSTRAINT `trips_country_id_foreign` FOREIGN KEY (`country_id`) REFERENCES `countries` (`id`)) at C:\\Users\\piotr\\Desktop\\Studia\\Semestr 4\\AI1\\Zadania\\Lab9\\Lab9 pliki\\vendor\\laravel\\framework\\src\\Illuminate\\Database\\Connection.php:596)
[stacktrace]
#0 C:\\Users\\piotr\\Desktop\\Studia\\Semestr 4\\AI1\\Zadania\\Lab9\\Lab9 pliki\\vendor\\laravel\\framework\\src\\Illuminate\\Database\\Connection.php(596): PDOStatement->execute()
#1 C:\\Users\\piotr\\Desktop\\Studia\\Semestr 4\\AI1\\Zadania\\Lab9\\Lab9 pliki\\vendor\\laravel\\framework\\src\\Illuminate\\Database\\Connection.php(800): Illuminate\\Database\\Connection->Illuminate\\Database\\{closure}('delete from `co...', Array)
#2 C:\\Users\\piotr\\Desktop\\Studia\\Semestr 4\\AI1\\Zadania\\Lab9\\Lab9 pliki\\vendor\\laravel\\framework\\src\\Illuminate\\Database\\Connection.php(767): Illuminate\\Database\\Connection->runQueryCallback('delete from `co...', Array, Object(Closure))
#3 C:\\Users\\piotr\\Desktop\\Studia\\Semestr 4\\AI1\\Zadania\\Lab9\\Lab9 pliki\\vendor\\laravel\\framework\\src\\Illuminate\\Database\\Connection.php(584): Illuminate\\Database\\Connection->run('delete from `co...', Array, Object(Closure))
#4 C:\\Users\\piotr\\Desktop\\Studia\\Semestr 4\\AI1\\Zadania\\Lab9\\Lab9 pliki\\vendor\\laravel\\framework\\src\\Illuminate\\Database\\Connection.php(548): Illuminate\\Database\\Connection->affectingStatement('delete from `co...', Array)
#5 C:\\Users\\piotr\\Desktop\\Studia\\Semestr 4\\AI1\\Zadania\\Lab9\\Lab9 pliki\\vendor\\laravel\\framework\\src\\Illuminate\\Database\\Query\\Builder.php(3817): Illuminate\\Database\\Connection->delete('delete from `co...', Array)
#6 C:\\Users\\piotr\\Desktop\\Studia\\Semestr 4\\AI1\\Zadania\\Lab9\\Lab9 pliki\\vendor\\laravel\\framework\\src\\Illuminate\\Database\\Eloquent\\Builder.php(1274): Illuminate\\Database\\Query\\Builder->delete()
#7 C:\\Users\\piotr\\Desktop\\Studia\\Semestr 4\\AI1\\Zadania\\Lab9\\Lab9 pliki\\vendor\\laravel\\framework\\src\\Illuminate\\Database\\Eloquent\\Model.php(1467): Illuminate\\Database\\Eloquent\\Builder->delete()
#8 C:\\Users\\piotr\\Desktop\\Studia\\Semestr 4\\AI1\\Zadania\\Lab9\\Lab9 pliki\\vendor\\laravel\\framework\\src\\Illuminate\\Database\\Eloquent\\Model.php(1412): Illuminate\\Database\\Eloquent\\Model->performDeleteOnModel()
#9 C:\\Users\\piotr\\Desktop\\Studia\\Semestr 4\\AI1\\Zadania\\Lab9\\Lab9 pliki\\app\\Http\\Controllers\\CountryController.php(80): Illuminate\\Database\\Eloquent\\Model->delete()
#10 C:\\Users\\piotr\\Desktop\\Studia\\Semestr 4\\AI1\\Zadania\\Lab9\\Lab9 pliki\\vendor\\laravel\\framework\\src\\Illuminate\\Routing\\ControllerDispatcher.php(46): App\\Http\\Controllers\\CountryController->destroy(Object(App\\Models\\Country))
#11 C:\\Users\\piotr\\Desktop\\Studia\\Semestr 4\\AI1\\Zadania\\Lab9\\Lab9 pliki\\vendor\\laravel\\framework\\src\\Illuminate\\Routing\\Route.php(260): Illuminate\\Routing\\ControllerDispatcher->dispatch(Object(Illuminate\\Routing\\Route), Object(App\\Http\\Controllers\\CountryController), 'destroy')
#12 C:\\Users\\piotr\\Desktop\\Studia\\Semestr 4\\AI1\\Zadania\\Lab9\\Lab9 pliki\\vendor\\laravel\\framework\\src\\Illuminate\\Routing\\Route.php(206): Illuminate\\Routing\\Route->runController()
#13 C:\\Users\\piotr\\Desktop\\Studia\\Semestr 4\\AI1\\Zadania\\Lab9\\Lab9 pliki\\vendor\\laravel\\framework\\src\\Illuminate\\Routing\\Router.php(806): Illuminate\\Routing\\Route->run()
#14 C:\\Users\\piotr\\Desktop\\Studia\\Semestr 4\\AI1\\Zadania\\Lab9\\Lab9 pliki\\vendor\\laravel\\framework\\src\\Illuminate\\Pipeline\\Pipeline.php(144): Illuminate\\Routing\\Router->Illuminate\\Routing\\{closure}(Object(Illuminate\\Http\\Request))
#15 C:\\Users\\piotr\\Desktop\\Studia\\Semestr 4\\AI1\\Zadania\\Lab9\\Lab9 pliki\\app\\Http\\Middleware\\LogActivity.php(29): Illuminate\\Pipeline\\Pipeline->Illuminate\\Pipeline\\{closure}(Object(Illuminate\\Http\\Request))
#16 C:\\Users\\piotr\\Desktop\\Studia\\Semestr 4\\AI1\\Zadania\\Lab9\\Lab9 pliki\\vendor\\laravel\\framework\\src\\Illuminate\\Pipeline\\Pipeline.php(183): App\\Http\\Middleware\\LogActivity->handle(Object(Illuminate\\Http\\Request), Object(Closure))
#17 C:\\Users\\piotr\\Desktop\\Studia\\Semestr 4\\AI1\\Zadania\\Lab9\\Lab9 pliki\\vendor\\laravel\\framework\\src\\Illuminate\\Routing\\Middleware\\SubstituteBindings.php(50): Illuminate\\Pipeline\\Pipeline->Illuminate\\Pipeline\\{closure}(Object(Illuminate\\Http\\Request))
#18 C:\\Users\\piotr\\Desktop\\Studia\\Semestr 4\\AI1\\Zadania\\Lab9\\Lab9 pliki\\vendor\\laravel\\framework\\src\\Illuminate\\Pipeline\\Pipeline.php(183): Illuminate\\Routing\\Middleware\\SubstituteBindings->handle(Object(Illuminate\\Http\\Request), Object(Closure))
#19 C:\\Users\\piotr\\Desktop\\Studia\\Semestr 4\\AI1\\Zadania\\Lab9\\Lab9 pliki\\vendor\\laravel\\framework\\src\\Illuminate\\Auth\\Middleware\\Authenticate.php(64): Illuminate\\Pipeline\\Pipeline->Illuminate\\Pipeline\\{closure}(Object(Illuminate\\Http\\Request))
#20 C:\\Users\\piotr\\Desktop\\Studia\\Semestr 4\\AI1\\Zadania\\Lab9\\Lab9 pliki\\vendor\\laravel\\framework\\src\\Illuminate\\Pipeline\\Pipeline.php(183): Illuminate\\Auth\\Middleware\\Authenticate->handle(Object(Illuminate\\Http\\Request), Object(Closure))
#21 C:\\Users\\piotr\\Desktop\\Studia\\Semestr 4\\AI1\\Zadania\\Lab9\\Lab9 pliki\\vendor\\laravel\\framework\\src\\Illuminate\\Foundation\\Http\\Middleware\\VerifyCsrfToken.php(88): Illuminate\\Pipeline\\Pipeline->Illuminate\\Pipeline\\{closure}(Object(Illuminate\\Http\\Request))
#22 C:\\Users\\piotr\\Desktop\\Studia\\Semestr 4\\AI1\\Zadania\\Lab9\\Lab9 pliki\\vendor\\laravel\\framework\\src\\Illuminate\\Pipeline\\Pipeline.php(183): Illuminate\\Foundation\\Http\\Middleware\\VerifyCsrfToken->handle(Object(Illuminate\\Http\\Request), Object(Closure))
#23 C:\\Users\\piotr\\Desktop\\Studia\\Semestr 4\\AI1\\Zadania\\Lab9\\Lab9 pliki\\vendor\\laravel\\framework\\src\\Illuminate\\View\\Middleware\\ShareErrorsFromSession.php(49): Illuminate\\Pipeline\\Pipeline->Illuminate\\Pipeline\\{closure}(Object(Illuminate\\Http\\Request))
#24 C:\\Users\\piotr\\Desktop\\Studia\\Semestr 4\\AI1\\Zadania\\Lab9\\Lab9 pliki\\vendor\\laravel\\framework\\src\\Illuminate\\Pipeline\\Pipeline.php(183): Illuminate\\View\\Middleware\\ShareErrorsFromSession->handle(Object(Illuminate\\Http\\Request), Object(Closure))
#25 C:\\Users\\piotr\\Desktop\\Studia\\Semestr 4\\AI1\\Zadania\\Lab9\\Lab9 pliki\\vendor\\laravel\\framework\\src\\Illuminate\\Session\\Middleware\\StartSession.php(121): Illuminate\\Pipeline\\Pipeline->Illuminate\\Pipeline\\{closure}(Object(Illuminate\\Http\\Request))
#26 C:\\Users\\piotr\\Desktop\\Studia\\Semestr 4\\AI1\\Zadania\\Lab9\\Lab9 pliki\\vendor\\laravel\\framework\\src\\Illuminate\\Session\\Middleware\\StartSession.php(64): Illuminate\\Session\\Middleware\\StartSession->handleStatefulRequest(Object(Illuminate\\Http\\Request), Object(Illuminate\\Session\\Store), Object(Closure))
#27 C:\\Users\\piotr\\Desktop\\Studia\\Semestr 4\\AI1\\Zadania\\Lab9\\Lab9 pliki\\vendor\\laravel\\framework\\src\\Illuminate\\Pipeline\\Pipeline.php(183): Illuminate\\Session\\Middleware\\StartSession->handle(Object(Illuminate\\Http\\Request), Object(Closure))
#28 C:\\Users\\piotr\\Desktop\\Studia\\Semestr 4\\AI1\\Zadania\\Lab9\\Lab9 pliki\\vendor\\laravel\\framework\\src\\Illuminate\\Cookie\\Middleware\\AddQueuedCookiesToResponse.php(37): Illuminate\\Pipeline\\Pipeline->Illuminate\\Pipeline\\{closure}(Object(Illuminate\\Http\\Request))
#29 C:\\Users\\piotr\\Desktop\\Studia\\Semestr 4\\AI1\\Zadania\\Lab9\\Lab9 pliki\\vendor\\laravel\\framework\\src\\Illuminate\\Pipeline\\Pipeline.php(183): Illuminate\\Cookie\\Middleware\\AddQueuedCookiesToResponse->handle(Object(Illuminate\\Http\\Request), Object(Closure))
#30 C:\\Users\\piotr\\Desktop\\Studia\\Semestr 4\\AI1\\Zadania\\Lab9\\Lab9 pliki\\vendor\\laravel\\framework\\src\\Illuminate\\Cookie\\Middleware\\EncryptCookies.php(75): Illuminate\\Pipeline\\Pipeline->Illuminate\\Pipeline\\{closure}(Object(Illuminate\\Http\\Request))
#31 C:\\Users\\piotr\\Desktop\\Studia\\Semestr 4\\AI1\\Zadania\\Lab9\\Lab9 pliki\\vendor\\laravel\\framework\\src\\Illuminate\\Pipeline\\Pipeline.php(183): Illuminate\\Cookie\\Middleware\\EncryptCookies->handle(Object(Illuminate\\Http\\Request), Object(Closure))
#32 C:\\Users\\piotr\\Desktop\\Studia\\Semestr 4\\AI1\\Zadania\\Lab9\\Lab9 pliki\\vendor\\laravel\\framework\\src\\Illuminate\\Pipeline\\Pipeline.php(119): Illuminate\\Pipeline\\Pipeline->Illuminate\\Pipeline\\{closure}(Object(Illuminate\\Http\\Request))
#33 C:\\Users\\piotr\\Desktop\\Studia\\Semestr 4\\AI1\\Zadania\\Lab9\\Lab9 pliki\\vendor\\laravel\\framework\\src\\Illuminate\\Routing\\Router.php(805): Illuminate\\Pipeline\\Pipeline->then(Object(Closure))
#34 C:\\Users\\piotr\\Desktop\\Studia\\Semestr 4\\AI1\\Zadania\\Lab9\\Lab9 pliki\\vendor\\laravel\\framework\\src\\Illuminate\\Routing\\Router.php(784): Illuminate\\Routing\\Router->runRouteWithinStack(Object(Illuminate\\Routing\\Route), Object(Illuminate\\Http\\Request))
#35 C:\\Users\\piotr\\Desktop\\Studia\\Semestr 4\\AI1\\Zadania\\Lab9\\Lab9 pliki\\vendor\\laravel\\framework\\src\\Illuminate\\Routing\\Router.php(748): Illuminate\\Routing\\Router->runRoute(Object(Illuminate\\Http\\Request), Object(Illuminate\\Routing\\Route))
#36 C:\\Users\\piotr\\Desktop\\Studia\\Semestr 4\\AI1\\Zadania\\Lab9\\Lab9 pliki\\vendor\\laravel\\framework\\src\\Illuminate\\Routing\\Router.php(737): Illuminate\\Routing\\Router->dispatchToRoute(Object(Illuminate\\Http\\Request))
#37 C:\\Users\\piotr\\Desktop\\Studia\\Semestr 4\\AI1\\Zadania\\Lab9\\Lab9 pliki\\vendor\\laravel\\framework\\src\\Illuminate\\Foundation\\Http\\Kernel.php(200): Illuminate\\Routing\\Router->dispatch(Object(Illuminate\\Http\\Request))
#38 C:\\Users\\piotr\\Desktop\\Studia\\Semestr 4\\AI1\\Zadania\\Lab9\\Lab9 pliki\\vendor\\laravel\\framework\\src\\Illuminate\\Pipeline\\Pipeline.php(144): Illuminate\\Foundation\\Http\\Kernel->Illuminate\\Foundation\\Http\\{closure}(Object(Illuminate\\Http\\Request))
#39 C:\\Users\\piotr\\Desktop\\Studia\\Semestr 4\\AI1\\Zadania\\Lab9\\Lab9 pliki\\vendor\\barryvdh\\laravel-debugbar\\src\\Middleware\\InjectDebugbar.php(66): Illuminate\\Pipeline\\Pipeline->Illuminate\\Pipeline\\{closure}(Object(Illuminate\\Http\\Request))
#40 C:\\Users\\piotr\\Desktop\\Studia\\Semestr 4\\AI1\\Zadania\\Lab9\\Lab9 pliki\\vendor\\laravel\\framework\\src\\Illuminate\\Pipeline\\Pipeline.php(183): Barryvdh\\Debugbar\\Middleware\\InjectDebugbar->handle(Object(Illuminate\\Http\\Request), Object(Closure))
#41 C:\\Users\\piotr\\Desktop\\Studia\\Semestr 4\\AI1\\Zadania\\Lab9\\Lab9 pliki\\vendor\\laravel\\framework\\src\\Illuminate\\Foundation\\Http\\Middleware\\TransformsRequest.php(21): Illuminate\\Pipeline\\Pipeline->Illuminate\\Pipeline\\{closure}(Object(Illuminate\\Http\\Request))
#42 C:\\Users\\piotr\\Desktop\\Studia\\Semestr 4\\AI1\\Zadania\\Lab9\\Lab9 pliki\\vendor\\laravel\\framework\\src\\Illuminate\\Foundation\\Http\\Middleware\\ConvertEmptyStringsToNull.php(31): Illuminate\\Foundation\\Http\\Middleware\\TransformsRequest->handle(Object(Illuminate\\Http\\Request), Object(Closure))
#43 C:\\Users\\piotr\\Desktop\\Studia\\Semestr 4\\AI1\\Zadania\\Lab9\\Lab9 pliki\\vendor\\laravel\\framework\\src\\Illuminate\\Pipeline\\Pipeline.php(183): Illuminate\\Foundation\\Http\\Middleware\\ConvertEmptyStringsToNull->handle(Object(Illuminate\\Http\\Request), Object(Closure))
#44 C:\\Users\\piotr\\Desktop\\Studia\\Semestr 4\\AI1\\Zadania\\Lab9\\Lab9 pliki\\vendor\\laravel\\framework\\src\\Illuminate\\Foundation\\Http\\Middleware\\TransformsRequest.php(21): Illuminate\\Pipeline\\Pipeline->Illuminate\\Pipeline\\{closure}(Object(Illuminate\\Http\\Request))
#45 C:\\Users\\piotr\\Desktop\\Studia\\Semestr 4\\AI1\\Zadania\\Lab9\\Lab9 pliki\\vendor\\laravel\\framework\\src\\Illuminate\\Foundation\\Http\\Middleware\\TrimStrings.php(50): Illuminate\\Foundation\\Http\\Middleware\\TransformsRequest->handle(Object(Illuminate\\Http\\Request), Object(Closure))
#46 C:\\Users\\piotr\\Desktop\\Studia\\Semestr 4\\AI1\\Zadania\\Lab9\\Lab9 pliki\\vendor\\laravel\\framework\\src\\Illuminate\\Pipeline\\Pipeline.php(183): Illuminate\\Foundation\\Http\\Middleware\\TrimStrings->handle(Object(Illuminate\\Http\\Request), Object(Closure))
#47 C:\\Users\\piotr\\Desktop\\Studia\\Semestr 4\\AI1\\Zadania\\Lab9\\Lab9 pliki\\vendor\\laravel\\framework\\src\\Illuminate\\Http\\Middleware\\ValidatePostSize.php(27): Illuminate\\Pipeline\\Pipeline->Illuminate\\Pipeline\\{closure}(Object(Illuminate\\Http\\Request))
#48 C:\\Users\\piotr\\Desktop\\Studia\\Semestr 4\\AI1\\Zadania\\Lab9\\Lab9 pliki\\vendor\\laravel\\framework\\src\\Illuminate\\Pipeline\\Pipeline.php(183): Illuminate\\Http\\Middleware\\ValidatePostSize->handle(Object(Illuminate\\Http\\Request), Object(Closure))
#49 C:\\Users\\piotr\\Desktop\\Studia\\Semestr 4\\AI1\\Zadania\\Lab9\\Lab9 pliki\\vendor\\laravel\\framework\\src\\Illuminate\\Foundation\\Http\\Middleware\\PreventRequestsDuringMaintenance.php(110): Illuminate\\Pipeline\\Pipeline->Illuminate\\Pipeline\\{closure}(Object(Illuminate\\Http\\Request))
#50 C:\\Users\\piotr\\Desktop\\Studia\\Semestr 4\\AI1\\Zadania\\Lab9\\Lab9 pliki\\vendor\\laravel\\framework\\src\\Illuminate\\Pipeline\\Pipeline.php(183): Illuminate\\Foundation\\Http\\Middleware\\PreventRequestsDuringMaintenance->handle(Object(Illuminate\\Http\\Request), Object(Closure))
#51 C:\\Users\\piotr\\Desktop\\Studia\\Semestr 4\\AI1\\Zadania\\Lab9\\Lab9 pliki\\vendor\\laravel\\framework\\src\\Illuminate\\Http\\Middleware\\HandleCors.php(49): Illuminate\\Pipeline\\Pipeline->Illuminate\\Pipeline\\{closure}(Object(Illuminate\\Http\\Request))
#52 C:\\Users\\piotr\\Desktop\\Studia\\Semestr 4\\AI1\\Zadania\\Lab9\\Lab9 pliki\\vendor\\laravel\\framework\\src\\Illuminate\\Pipeline\\Pipeline.php(183): Illuminate\\Http\\Middleware\\HandleCors->handle(Object(Illuminate\\Http\\Request), Object(Closure))
#53 C:\\Users\\piotr\\Desktop\\Studia\\Semestr 4\\AI1\\Zadania\\Lab9\\Lab9 pliki\\vendor\\laravel\\framework\\src\\Illuminate\\Http\\Middleware\\TrustProxies.php(57): Illuminate\\Pipeline\\Pipeline->Illuminate\\Pipeline\\{closure}(Object(Illuminate\\Http\\Request))
#54 C:\\Users\\piotr\\Desktop\\Studia\\Semestr 4\\AI1\\Zadania\\Lab9\\Lab9 pliki\\vendor\\laravel\\framework\\src\\Illuminate\\Pipeline\\Pipeline.php(183): Illuminate\\Http\\Middleware\\TrustProxies->handle(Object(Illuminate\\Http\\Request), Object(Closure))
#55 C:\\Users\\piotr\\Desktop\\Studia\\Semestr 4\\AI1\\Zadania\\Lab9\\Lab9 pliki\\vendor\\laravel\\framework\\src\\Illuminate\\Pipeline\\Pipeline.php(119): Illuminate\\Pipeline\\Pipeline->Illuminate\\Pipeline\\{closure}(Object(Illuminate\\Http\\Request))
#56 C:\\Users\\piotr\\Desktop\\Studia\\Semestr 4\\AI1\\Zadania\\Lab9\\Lab9 pliki\\vendor\\laravel\\framework\\src\\Illuminate\\Foundation\\Http\\Kernel.php(175): Illuminate\\Pipeline\\Pipeline->then(Object(Closure))
#57 C:\\Users\\piotr\\Desktop\\Studia\\Semestr 4\\AI1\\Zadania\\Lab9\\Lab9 pliki\\vendor\\laravel\\framework\\src\\Illuminate\\Foundation\\Http\\Kernel.php(144): Illuminate\\Foundation\\Http\\Kernel->sendRequestThroughRouter(Object(Illuminate\\Http\\Request))
#58 C:\\Users\\piotr\\Desktop\\Studia\\Semestr 4\\AI1\\Zadania\\Lab9\\Lab9 pliki\\vendor\\laravel\\framework\\src\\Illuminate\\Foundation\\Application.php(1168): Illuminate\\Foundation\\Http\\Kernel->handle(Object(Illuminate\\Http\\Request))
#59 C:\\Users\\piotr\\Desktop\\Studia\\Semestr 4\\AI1\\Zadania\\Lab9\\Lab9 pliki\\public\\index.php(17): Illuminate\\Foundation\\Application->handleRequest(Object(Illuminate\\Http\\Request))
#60 C:\\Users\\piotr\\Desktop\\Studia\\Semestr 4\\AI1\\Zadania\\Lab9\\Lab9 pliki\\vendor\\laravel\\framework\\src\\Illuminate\\Foundation\\resources\\server.php(16): require_once('C:\\\\Users\\\\piotr\\\\...')
#61 {main}
"} 
[2024-07-14 12:56:50] local.NOTICE: 'jan@email.com' did GET on '/countries'  
[2024-07-14 12:57:45] local.NOTICE: 'jan@email.com' did GET on '/countries'  
[2024-07-14 12:58:11] local.NOTICE: 'jan@email.com' did GET on '/countries'  
[2024-07-14 12:58:13] local.NOTICE: 'jan@email.com' did GET on '/trips'  
[2024-07-14 12:58:17] local.NOTICE: 'jan@email.com' did GET on '/countries'  
[2024-07-14 12:58:21] local.NOTICE: 'jan@email.com' did GET on '/trips'  
[2024-07-14 12:58:45] local.NOTICE: 'jan@email.com' did GET on '/trips'  
[2024-07-14 12:58:52] local.NOTICE: 'jan@email.com' did POST on '/trips/favourite'  
[2024-07-14 12:58:53] local.NOTICE: 'jan@email.com' did GET on '/trips'  
[2024-07-14 12:58:59] local.NOTICE: 'jan@email.com' did POST on '/trips/favourite'  
[2024-07-14 12:59:00] local.NOTICE: 'jan@email.com' did GET on '/trips'  
[2024-07-14 12:59:05] local.NOTICE: 'jan@email.com' did GET on '/trips'  
[2024-07-14 13:02:01] local.NOTICE: 'jan@email.com' did GET on '/trips'  
[2024-07-14 13:02:04] local.NOTICE: 'jan@email.com' did GET on '/trips/image-upload'  
[2024-07-14 13:02:09] local.NOTICE: 'jan@email.com' did POST on '/trips/image-upload'  
[2024-07-14 13:02:10] local.NOTICE: 'jan@email.com' did GET on '/trips'  
[2024-07-14 13:02:39] local.NOTICE: 'jan@email.com' did GET on '/trips/image-upload'  
[2024-07-14 13:02:43] local.NOTICE: 'jan@email.com' did POST on '/trips/image-upload'  
[2024-07-14 13:02:44] local.NOTICE: 'jan@email.com' did GET on '/trips'  
[2024-07-14 13:04:58] local.NOTICE: 'jan@email.com' did GET on '/trips'  
[2024-07-14 13:05:00] local.NOTICE: 'jan@email.com' did GET on '/trips/image-upload'  
[2024-07-14 13:05:04] local.NOTICE: 'jan@email.com' did POST on '/trips/image-upload'  
[2024-07-14 13:05:05] local.NOTICE: 'jan@email.com' did GET on '/trips'  
